"วันที่","ปี","เดือน","หมวดอุตสาหกรรม","รหัสสินค้า","สินค้า","น้ำหนักความสำคัญ","ดัชนีผลผลิต"
"2021-01-01","2021","1","เหล็กและโลหะ","24102010","เหล็กแผ่นรีดร้อน","0.570217861","108.0440535"
"2021-01-01","2021","1","เหล็กและโลหะ","24102020","เหล็กแผ่นรีดเย็น","0.324853077","99.29784843"
"2021-01-01","2021","1","เหล็กและโลหะ","24102030","เหล็กแผ่นเคลือบสังกะสี","0.389212591","98.08487489"
"2021-01-01","2021","1","เหล็กและโลหะ","24102040","เหล็กแผ่นเคลือบดีบุก","0.045511445","84.03287501"
"2021-01-01","2021","1","เหล็กและโลหะ","24102050","เหล็กแผ่นเคลือบโครเมียม","0.043343601","91.69081089"
"2021-01-01","2021","1","เหล็กและโลหะ","24103010","ท่อเหล็ก","0.822579882","114.376228"
"2021-01-01","2021","1","เหล็กและโลหะ","24109010","เหล็กเส้นกลม","0.088363944","93.64168816"
"2021-01-01","2021","1","เหล็กและโลหะ","24109020","เหล็กข้ออ้อย","0.289745853","97.67276006"
"2021-01-01","2021","1","เหล็กและโลหะ","24109030","เหล็กลวด","0.232286423","108.2095123"
"2021-01-01","2021","1","เหล็กและโลหะ","24109040","ลวดเหล็ก","0.165507535","108.4929815"
"2021-01-01","2021","1","เหล็กและโลหะ","24109050","ลวดเหล็กแรงดึงสูง","0.083421961","103.8451307"
"2021-01-01","2021","1","เหล็กและโลหะ","24109060","เหล็กรูปพรรณรีดร้อน","0.283247251","98.45806643"
"2021-01-01","2021","1","เหล็กและโลหะ","24109070","เหล็กโครงสร้างขึ้นรูปเย็น","0.069570356","120.3141885"
"2021-01-01","2021","1","ผลิตภัณฑ์โลหะแปรรูป","25949010","กระป๋องโลหะ","0.854641038","96.901258"
"2021-01-01","2021","1","ผลิตภัณฑ์โลหะแปรรูป","25951010","ลวดเชื่อม","0.405670664","82.08100594"
"2021-01-01","2021","1","ผลิตภัณฑ์โลหะแปรรูป","25952010","สกรู นอต และตะปู","0.449289205","91.80813761"
"2021-01-01","2021","1","ผลิตภัณฑ์โลหะแปรรูป","25952020","สปริง","0.023669901","108.2912238"
"2021-01-01","2021","1","ผลิตภัณฑ์โลหะแปรรูป","25992010","เครื่องครัวและเครื่องใช้โลหะ","0.227088934","94.8089091"
"2021-01-01","2021","1","อุปกรณ์ไฟฟ้า","27101010","มอเตอร์ไฟฟ้า","0.459952015","102.5289878"
"2021-01-01","2021","1","อุปกรณ์ไฟฟ้า","27102010","หม้อแปลงไฟฟ้า","0.220429572","77.99863698"
"2021-01-01","2021","1","อุปกรณ์ไฟฟ้า","27320010","สายไฟฟ้า","0.224009076","85.73656675"
"2021-01-01","2021","1","อุปกรณ์ไฟฟ้า","27320020","สายเคเบิล","0.16203404","96.11826114"
"2021-01-01","2021","1","เครื่องจักร","28110010","เครื่องยนต์ดีเซลเพื่อการเกษตร","0.186177876","110.2831141"
"2021-01-01","2021","1","เครื่องจักร","28191010","ชุดคอนเดนซิ่งเครื่องปรับอากาศ","1.411701472","102.6937026"
"2021-01-01","2021","1","เครื่องจักร","28191020","ชุดแฟนคอยล์เครื่องปรับอากาศ","0.977811884","105.3195342"
"2021-01-01","2021","1","เครื่องจักร","28191030","คอมเพรสเซอร์","0.556634387","93.19988594"
"2021-01-01","2021","1","เครื่องจักร","28191040","เครื่องปรับอากาศแบบหน้าต่าง","0.199945353","91.026283"
"2021-02-01","2021","2","เหล็กและโลหะ","24102010","เหล็กแผ่นรีดร้อน","0.570217861","111.3706898"
"2021-02-01","2021","2","เหล็กและโลหะ","24102020","เหล็กแผ่นรีดเย็น","0.324853077","94.15095488"
"2021-02-01","2021","2","เหล็กและโลหะ","24102030","เหล็กแผ่นเคลือบสังกะสี","0.389212591","97.26843602"
"2021-02-01","2021","2","เหล็กและโลหะ","24102040","เหล็กแผ่นเคลือบดีบุก","0.045511445","95.04290293"
"2021-02-01","2021","2","เหล็กและโลหะ","24102050","เหล็กแผ่นเคลือบโครเมียม","0.043343601","91.33311872"
"2021-02-01","2021","2","เหล็กและโลหะ","24103010","ท่อเหล็ก","0.822579882","117.8730106"
"2021-02-01","2021","2","เหล็กและโลหะ","24109010","เหล็กเส้นกลม","0.088363944","85.8266831"
"2021-02-01","2021","2","เหล็กและโลหะ","24109020","เหล็กข้ออ้อย","0.289745853","104.5427089"
"2021-02-01","2021","2","เหล็กและโลหะ","24109030","เหล็กลวด","0.232286423","102.5149236"
"2021-02-01","2021","2","เหล็กและโลหะ","24109040","ลวดเหล็ก","0.165507535","98.89965818"
"2021-02-01","2021","2","เหล็กและโลหะ","24109050","ลวดเหล็กแรงดึงสูง","0.083421961","100.5901511"
"2021-02-01","2021","2","เหล็กและโลหะ","24109060","เหล็กรูปพรรณรีดร้อน","0.283247251","102.937643"
"2021-02-01","2021","2","เหล็กและโลหะ","24109070","เหล็กโครงสร้างขึ้นรูปเย็น","0.069570356","112.4841025"
"2021-02-01","2021","2","ผลิตภัณฑ์โลหะแปรรูป","25949010","กระป๋องโลหะ","0.854641038","92.62173476"
"2021-02-01","2021","2","ผลิตภัณฑ์โลหะแปรรูป","25951010","ลวดเชื่อม","0.405670664","85.24499352"
"2021-02-01","2021","2","ผลิตภัณฑ์โลหะแปรรูป","25952010","สกรู นอต และตะปู","0.449289205","99.01435494"
"2021-02-01","2021","2","ผลิตภัณฑ์โลหะแปรรูป","25952020","สปริง","0.023669901","101.581877"
"2021-02-01","2021","2","ผลิตภัณฑ์โลหะแปรรูป","25992010","เครื่องครัวและเครื่องใช้โลหะ","0.227088934","91.85287314"
"2021-02-01","2021","2","อุปกรณ์ไฟฟ้า","27101010","มอเตอร์ไฟฟ้า","0.459952015","99.70894369"
"2021-02-01","2021","2","อุปกรณ์ไฟฟ้า","27102010","หม้อแปลงไฟฟ้า","0.220429572","66.95820082"
"2021-02-01","2021","2","อุปกรณ์ไฟฟ้า","27320010","สายไฟฟ้า","0.224009076","94.45237683"
"2021-02-01","2021","2","อุปกรณ์ไฟฟ้า","27320020","สายเคเบิล","0.16203404","109.9046526"
"2021-02-01","2021","2","เครื่องจักร","28110010","เครื่องยนต์ดีเซลเพื่อการเกษตร","0.186177876","120.8613369"
"2021-02-01","2021","2","เครื่องจักร","28191010","ชุดคอนเดนซิ่งเครื่องปรับอากาศ","1.411701472","119.9036693"
"2021-02-01","2021","2","เครื่องจักร","28191020","ชุดแฟนคอยล์เครื่องปรับอากาศ","0.977811884","119.0886973"
"2021-02-01","2021","2","เครื่องจักร","28191030","คอมเพรสเซอร์","0.556634387","94.9192784"
"2021-02-01","2021","2","เครื่องจักร","28191040","เครื่องปรับอากาศแบบหน้าต่าง","0.199945353","95.44900249"
"2021-03-01","2021","3","เหล็กและโลหะ","24102010","เหล็กแผ่นรีดร้อน","0.570217861","86.24635575"
"2021-03-01","2021","3","เหล็กและโลหะ","24102020","เหล็กแผ่นรีดเย็น","0.324853077","103.3999161"
"2021-03-01","2021","3","เหล็กและโลหะ","24102030","เหล็กแผ่นเคลือบสังกะสี","0.389212591","109.7182467"
"2021-03-01","2021","3","เหล็กและโลหะ","24102040","เหล็กแผ่นเคลือบดีบุก","0.045511445","103.1841207"
"2021-03-01","2021","3","เหล็กและโลหะ","24102050","เหล็กแผ่นเคลือบโครเมียม","0.043343601","105.4118825"
"2021-03-01","2021","3","เหล็กและโลหะ","24103010","ท่อเหล็ก","0.822579882","124.8658601"
"2021-03-01","2021","3","เหล็กและโลหะ","24109010","เหล็กเส้นกลม","0.088363944","121.5026213"
"2021-03-01","2021","3","เหล็กและโลหะ","24109020","เหล็กข้ออ้อย","0.289745853","119.82805"
"2021-03-01","2021","3","เหล็กและโลหะ","24109030","เหล็กลวด","0.232286423","109.2813397"
"2021-03-01","2021","3","เหล็กและโลหะ","24109040","ลวดเหล็ก","0.165507535","114.9951658"
"2021-03-01","2021","3","เหล็กและโลหะ","24109050","ลวดเหล็กแรงดึงสูง","0.083421961","117.0796614"
"2021-03-01","2021","3","เหล็กและโลหะ","24109060","เหล็กรูปพรรณรีดร้อน","0.283247251","113.6881832"
"2021-03-01","2021","3","เหล็กและโลหะ","24109070","เหล็กโครงสร้างขึ้นรูปเย็น","0.069570356","128.1298873"
"2021-03-01","2021","3","ผลิตภัณฑ์โลหะแปรรูป","25949010","กระป๋องโลหะ","0.854641038","114.0295537"
"2021-03-01","2021","3","ผลิตภัณฑ์โลหะแปรรูป","25951010","ลวดเชื่อม","0.405670664","110.4025279"
"2021-03-01","2021","3","ผลิตภัณฑ์โลหะแปรรูป","25952010","สกรู นอต และตะปู","0.449289205","108.5222325"
"2021-03-01","2021","3","ผลิตภัณฑ์โลหะแปรรูป","25952020","สปริง","0.023669901","111.8828255"
"2021-03-01","2021","3","ผลิตภัณฑ์โลหะแปรรูป","25992010","เครื่องครัวและเครื่องใช้โลหะ","0.227088934","116.5377729"
"2021-03-01","2021","3","อุปกรณ์ไฟฟ้า","27101010","มอเตอร์ไฟฟ้า","0.459952015","107.9574379"
"2021-03-01","2021","3","อุปกรณ์ไฟฟ้า","27102010","หม้อแปลงไฟฟ้า","0.220429572","94.45706497"
"2021-03-01","2021","3","อุปกรณ์ไฟฟ้า","27320010","สายไฟฟ้า","0.224009076","143.0066642"
"2021-03-01","2021","3","อุปกรณ์ไฟฟ้า","27320020","สายเคเบิล","0.16203404","124.4290334"
"2021-03-01","2021","3","เครื่องจักร","28110010","เครื่องยนต์ดีเซลเพื่อการเกษตร","0.186177876","152.4817699"
"2021-03-01","2021","3","เครื่องจักร","28191010","ชุดคอนเดนซิ่งเครื่องปรับอากาศ","1.411701472","150.1588943"
"2021-03-01","2021","3","เครื่องจักร","28191020","ชุดแฟนคอยล์เครื่องปรับอากาศ","0.977811884","147.1032934"
"2021-03-01","2021","3","เครื่องจักร","28191030","คอมเพรสเซอร์","0.556634387","112.6701847"
"2021-03-01","2021","3","เครื่องจักร","28191040","เครื่องปรับอากาศแบบหน้าต่าง","0.199945353","113.3095432"
"2021-04-01","2021","4","เหล็กและโลหะ","24102010","เหล็กแผ่นรีดร้อน","0.570217861","108.709119"
"2021-04-01","2021","4","เหล็กและโลหะ","24102020","เหล็กแผ่นรีดเย็น","0.324853077","104.9269601"
"2021-04-01","2021","4","เหล็กและโลหะ","24102030","เหล็กแผ่นเคลือบสังกะสี","0.389212591","93.63288628"
"2021-04-01","2021","4","เหล็กและโลหะ","24102040","เหล็กแผ่นเคลือบดีบุก","0.045511445","89.4293394"
"2021-04-01","2021","4","เหล็กและโลหะ","24102050","เหล็กแผ่นเคลือบโครเมียม","0.043343601","90.88242658"
"2021-04-01","2021","4","เหล็กและโลหะ","24103010","ท่อเหล็ก","0.822579882","93.38009282"
"2021-04-01","2021","4","เหล็กและโลหะ","24109010","เหล็กเส้นกลม","0.088363944","91.43568869"
"2021-04-01","2021","4","เหล็กและโลหะ","24109020","เหล็กข้ออ้อย","0.289745853","111.0925396"
"2021-04-01","2021","4","เหล็กและโลหะ","24109030","เหล็กลวด","0.232286423","104.3528829"
"2021-04-01","2021","4","เหล็กและโลหะ","24109040","ลวดเหล็ก","0.165507535","97.68284845"
"2021-04-01","2021","4","เหล็กและโลหะ","24109050","ลวดเหล็กแรงดึงสูง","0.083421961","99.3334673"
"2021-04-01","2021","4","เหล็กและโลหะ","24109060","เหล็กรูปพรรณรีดร้อน","0.283247251","88.89920896"
"2021-04-01","2021","4","เหล็กและโลหะ","24109070","เหล็กโครงสร้างขึ้นรูปเย็น","0.069570356","90.70767047"
"2021-04-01","2021","4","ผลิตภัณฑ์โลหะแปรรูป","25949010","กระป๋องโลหะ","0.854641038","102.8343771"
"2021-04-01","2021","4","ผลิตภัณฑ์โลหะแปรรูป","25951010","ลวดเชื่อม","0.405670664","92.96430878"
"2021-04-01","2021","4","ผลิตภัณฑ์โลหะแปรรูป","25952010","สกรู นอต และตะปู","0.449289205","82.00214521"
"2021-04-01","2021","4","ผลิตภัณฑ์โลหะแปรรูป","25952020","สปริง","0.023669901","100.4287292"
"2021-04-01","2021","4","ผลิตภัณฑ์โลหะแปรรูป","25992010","เครื่องครัวและเครื่องใช้โลหะ","0.227088934","86.78287026"
"2021-04-01","2021","4","อุปกรณ์ไฟฟ้า","27101010","มอเตอร์ไฟฟ้า","0.459952015","108.7432226"
"2021-04-01","2021","4","อุปกรณ์ไฟฟ้า","27102010","หม้อแปลงไฟฟ้า","0.220429572","105.6678782"
"2021-04-01","2021","4","อุปกรณ์ไฟฟ้า","27320010","สายไฟฟ้า","0.224009076","97.78038286"
"2021-04-01","2021","4","อุปกรณ์ไฟฟ้า","27320020","สายเคเบิล","0.16203404","84.67451179"
"2021-04-01","2021","4","เครื่องจักร","28110010","เครื่องยนต์ดีเซลเพื่อการเกษตร","0.186177876","114.8296937"
"2021-04-01","2021","4","เครื่องจักร","28191010","ชุดคอนเดนซิ่งเครื่องปรับอากาศ","1.411701472","118.4363691"
"2021-04-01","2021","4","เครื่องจักร","28191020","ชุดแฟนคอยล์เครื่องปรับอากาศ","0.977811884","118.9368647"
"2021-04-01","2021","4","เครื่องจักร","28191030","คอมเพรสเซอร์","0.556634387","102.359298"
"2021-04-01","2021","4","เครื่องจักร","28191040","เครื่องปรับอากาศแบบหน้าต่าง","0.199945353","77.06047476"
"2021-05-01","2021","5","เหล็กและโลหะ","24102010","เหล็กแผ่นรีดร้อน","0.570217861","104.2839322"
"2021-05-01","2021","5","เหล็กและโลหะ","24102020","เหล็กแผ่นรีดเย็น","0.324853077","106.5212951"
"2021-05-01","2021","5","เหล็กและโลหะ","24102030","เหล็กแผ่นเคลือบสังกะสี","0.389212591","106.9832784"
"2021-05-01","2021","5","เหล็กและโลหะ","24102040","เหล็กแผ่นเคลือบดีบุก","0.045511445","90.54584927"
"2021-05-01","2021","5","เหล็กและโลหะ","24102050","เหล็กแผ่นเคลือบโครเมียม","0.043343601","93.93711772"
"2021-05-01","2021","5","เหล็กและโลหะ","24103010","ท่อเหล็ก","0.822579882","118.4913451"
"2021-05-01","2021","5","เหล็กและโลหะ","24109010","เหล็กเส้นกลม","0.088363944","119.9933526"
"2021-05-01","2021","5","เหล็กและโลหะ","24109020","เหล็กข้ออ้อย","0.289745853","142.6516687"
"2021-05-01","2021","5","เหล็กและโลหะ","24109030","เหล็กลวด","0.232286423","132.0349605"
"2021-05-01","2021","5","เหล็กและโลหะ","24109040","ลวดเหล็ก","0.165507535","110.7684668"
"2021-05-01","2021","5","เหล็กและโลหะ","24109050","ลวดเหล็กแรงดึงสูง","0.083421961","110.2246536"
"2021-05-01","2021","5","เหล็กและโลหะ","24109060","เหล็กรูปพรรณรีดร้อน","0.283247251","101.2595343"
"2021-05-01","2021","5","เหล็กและโลหะ","24109070","เหล็กโครงสร้างขึ้นรูปเย็น","0.069570356","117.6956242"
"2021-05-01","2021","5","ผลิตภัณฑ์โลหะแปรรูป","25949010","กระป๋องโลหะ","0.854641038","109.3969924"
"2021-05-01","2021","5","ผลิตภัณฑ์โลหะแปรรูป","25951010","ลวดเชื่อม","0.405670664","111.5292319"
"2021-05-01","2021","5","ผลิตภัณฑ์โลหะแปรรูป","25952010","สกรู นอต และตะปู","0.449289205","115.2689031"
"2021-05-01","2021","5","ผลิตภัณฑ์โลหะแปรรูป","25952020","สปริง","0.023669901","121.7884104"
"2021-05-01","2021","5","ผลิตภัณฑ์โลหะแปรรูป","25992010","เครื่องครัวและเครื่องใช้โลหะ","0.227088934","120.8426942"
"2021-05-01","2021","5","อุปกรณ์ไฟฟ้า","27101010","มอเตอร์ไฟฟ้า","0.459952015","117.1817021"
"2021-05-01","2021","5","อุปกรณ์ไฟฟ้า","27102010","หม้อแปลงไฟฟ้า","0.220429572","105.5997274"
"2021-05-01","2021","5","อุปกรณ์ไฟฟ้า","27320010","สายไฟฟ้า","0.224009076","109.8599882"
"2021-05-01","2021","5","อุปกรณ์ไฟฟ้า","27320020","สายเคเบิล","0.16203404","101.7486014"
"2021-05-01","2021","5","เครื่องจักร","28110010","เครื่องยนต์ดีเซลเพื่อการเกษตร","0.186177876","146.5872094"
"2021-05-01","2021","5","เครื่องจักร","28191010","ชุดคอนเดนซิ่งเครื่องปรับอากาศ","1.411701472","131.3101733"
"2021-05-01","2021","5","เครื่องจักร","28191020","ชุดแฟนคอยล์เครื่องปรับอากาศ","0.977811884","132.9708499"
"2021-05-01","2021","5","เครื่องจักร","28191030","คอมเพรสเซอร์","0.556634387","113.493682"
"2021-05-01","2021","5","เครื่องจักร","28191040","เครื่องปรับอากาศแบบหน้าต่าง","0.199945353","67.27128664"
"2021-06-01","2021","6","เหล็กและโลหะ","24102010","เหล็กแผ่นรีดร้อน","0.570217861","115.1982057"
"2021-06-01","2021","6","เหล็กและโลหะ","24102020","เหล็กแผ่นรีดเย็น","0.324853077","100.5369283"
"2021-06-01","2021","6","เหล็กและโลหะ","24102030","เหล็กแผ่นเคลือบสังกะสี","0.389212591","101.9759904"
"2021-06-01","2021","6","เหล็กและโลหะ","24102040","เหล็กแผ่นเคลือบดีบุก","0.045511445","92.05778972"
"2021-06-01","2021","6","เหล็กและโลหะ","24102050","เหล็กแผ่นเคลือบโครเมียม","0.043343601","134.6424867"
"2021-06-01","2021","6","เหล็กและโลหะ","24103010","ท่อเหล็ก","0.822579882","97.59533919"
"2021-06-01","2021","6","เหล็กและโลหะ","24109010","เหล็กเส้นกลม","0.088363944","132.615209"
"2021-06-01","2021","6","เหล็กและโลหะ","24109020","เหล็กข้ออ้อย","0.289745853","110.5112567"
"2021-06-01","2021","6","เหล็กและโลหะ","24109030","เหล็กลวด","0.232286423","107.0119888"
"2021-06-01","2021","6","เหล็กและโลหะ","24109040","ลวดเหล็ก","0.165507535","105.5486439"
"2021-06-01","2021","6","เหล็กและโลหะ","24109050","ลวดเหล็กแรงดึงสูง","0.083421961","111.6796775"
"2021-06-01","2021","6","เหล็กและโลหะ","24109060","เหล็กรูปพรรณรีดร้อน","0.283247251","114.3453912"
"2021-06-01","2021","6","เหล็กและโลหะ","24109070","เหล็กโครงสร้างขึ้นรูปเย็น","0.069570356","111.140701"
"2021-06-01","2021","6","ผลิตภัณฑ์โลหะแปรรูป","25949010","กระป๋องโลหะ","0.854641038","103.3479004"
"2021-06-01","2021","6","ผลิตภัณฑ์โลหะแปรรูป","25951010","ลวดเชื่อม","0.405670664","119.7452918"
"2021-06-01","2021","6","ผลิตภัณฑ์โลหะแปรรูป","25952010","สกรู นอต และตะปู","0.449289205","105.2976489"
"2021-06-01","2021","6","ผลิตภัณฑ์โลหะแปรรูป","25952020","สปริง","0.023669901","91.10317191"
"2021-06-01","2021","6","ผลิตภัณฑ์โลหะแปรรูป","25992010","เครื่องครัวและเครื่องใช้โลหะ","0.227088934","104.4456382"
"2021-06-01","2021","6","อุปกรณ์ไฟฟ้า","27101010","มอเตอร์ไฟฟ้า","0.459952015","103.736452"
"2021-06-01","2021","6","อุปกรณ์ไฟฟ้า","27102010","หม้อแปลงไฟฟ้า","0.220429572","103.5892776"
"2021-06-01","2021","6","อุปกรณ์ไฟฟ้า","27320010","สายไฟฟ้า","0.224009076","119.1292774"
"2021-06-01","2021","6","อุปกรณ์ไฟฟ้า","27320020","สายเคเบิล","0.16203404","106.4268004"
"2021-06-01","2021","6","เครื่องจักร","28110010","เครื่องยนต์ดีเซลเพื่อการเกษตร","0.186177876","106.4447956"
"2021-06-01","2021","6","เครื่องจักร","28191010","ชุดคอนเดนซิ่งเครื่องปรับอากาศ","1.411701472","94.62467349"
"2021-06-01","2021","6","เครื่องจักร","28191020","ชุดแฟนคอยล์เครื่องปรับอากาศ","0.977811884","99.63168186"
"2021-06-01","2021","6","เครื่องจักร","28191030","คอมเพรสเซอร์","0.556634387","107.571391"
"2021-06-01","2021","6","เครื่องจักร","28191040","เครื่องปรับอากาศแบบหน้าต่าง","0.199945353","25.66679529"
"2021-07-01","2021","7","เหล็กและโลหะ","24102010","เหล็กแผ่นรีดร้อน","0.570217861","94.53106889"
"2021-07-01","2021","7","เหล็กและโลหะ","24102020","เหล็กแผ่นรีดเย็น","0.324853077","98.09444758"
"2021-07-01","2021","7","เหล็กและโลหะ","24102030","เหล็กแผ่นเคลือบสังกะสี","0.389212591","100.4441492"
"2021-07-01","2021","7","เหล็กและโลหะ","24102040","เหล็กแผ่นเคลือบดีบุก","0.045511445","147.9453117"
"2021-07-01","2021","7","เหล็กและโลหะ","24102050","เหล็กแผ่นเคลือบโครเมียม","0.043343601","104.3817291"
"2021-07-01","2021","7","เหล็กและโลหะ","24103010","ท่อเหล็ก","0.822579882","90.34757355"
"2021-07-01","2021","7","เหล็กและโลหะ","24109010","เหล็กเส้นกลม","0.088363944","89.03307808"
"2021-07-01","2021","7","เหล็กและโลหะ","24109020","เหล็กข้ออ้อย","0.289745853","66.04218897"
"2021-07-01","2021","7","เหล็กและโลหะ","24109030","เหล็กลวด","0.232286423","89.40395059"
"2021-07-01","2021","7","เหล็กและโลหะ","24109040","ลวดเหล็ก","0.165507535","101.5515187"
"2021-07-01","2021","7","เหล็กและโลหะ","24109050","ลวดเหล็กแรงดึงสูง","0.083421961","87.35142394"
"2021-07-01","2021","7","เหล็กและโลหะ","24109060","เหล็กรูปพรรณรีดร้อน","0.283247251","83.55178555"
"2021-07-01","2021","7","เหล็กและโลหะ","24109070","เหล็กโครงสร้างขึ้นรูปเย็น","0.069570356","87.76902947"
"2021-07-01","2021","7","ผลิตภัณฑ์โลหะแปรรูป","25949010","กระป๋องโลหะ","0.854641038","98.87462291"
"2021-07-01","2021","7","ผลิตภัณฑ์โลหะแปรรูป","25951010","ลวดเชื่อม","0.405670664","112.068087"
"2021-07-01","2021","7","ผลิตภัณฑ์โลหะแปรรูป","25952010","สกรู นอต และตะปู","0.449289205","95.94740563"
"2021-07-01","2021","7","ผลิตภัณฑ์โลหะแปรรูป","25952020","สปริง","0.023669901","89.51906084"
"2021-07-01","2021","7","ผลิตภัณฑ์โลหะแปรรูป","25992010","เครื่องครัวและเครื่องใช้โลหะ","0.227088934","109.7382172"
"2021-07-01","2021","7","อุปกรณ์ไฟฟ้า","27101010","มอเตอร์ไฟฟ้า","0.459952015","92.20153174"
"2021-07-01","2021","7","อุปกรณ์ไฟฟ้า","27102010","หม้อแปลงไฟฟ้า","0.220429572","90.23171286"
"2021-07-01","2021","7","อุปกรณ์ไฟฟ้า","27320010","สายไฟฟ้า","0.224009076","98.01550912"
"2021-07-01","2021","7","อุปกรณ์ไฟฟ้า","27320020","สายเคเบิล","0.16203404","80.92674158"
"2021-07-01","2021","7","เครื่องจักร","28110010","เครื่องยนต์ดีเซลเพื่อการเกษตร","0.186177876","93.0563753"
"2021-07-01","2021","7","เครื่องจักร","28191010","ชุดคอนเดนซิ่งเครื่องปรับอากาศ","1.411701472","83.64498752"
"2021-07-01","2021","7","เครื่องจักร","28191020","ชุดแฟนคอยล์เครื่องปรับอากาศ","0.977811884","81.11854326"
"2021-07-01","2021","7","เครื่องจักร","28191030","คอมเพรสเซอร์","0.556634387","89.8716662"
"2021-07-01","2021","7","เครื่องจักร","28191040","เครื่องปรับอากาศแบบหน้าต่าง","0.199945353","22.17015172"
"2021-08-01","2021","8","เหล็กและโลหะ","24102010","เหล็กแผ่นรีดร้อน","0.570217861","87.29198218"
"2021-08-01","2021","8","เหล็กและโลหะ","24102020","เหล็กแผ่นรีดเย็น","0.324853077","109.2624254"
"2021-08-01","2021","8","เหล็กและโลหะ","24102030","เหล็กแผ่นเคลือบสังกะสี","0.389212591","104.4905301"
"2021-08-01","2021","8","เหล็กและโลหะ","24102040","เหล็กแผ่นเคลือบดีบุก","0.045511445","98.05903029"
"2021-08-01","2021","8","เหล็กและโลหะ","24102050","เหล็กแผ่นเคลือบโครเมียม","0.043343601","102.3500376"
"2021-08-01","2021","8","เหล็กและโลหะ","24103010","ท่อเหล็ก","0.822579882","84.47430139"
"2021-08-01","2021","8","เหล็กและโลหะ","24109010","เหล็กเส้นกลม","0.088363944","86.56418086"
"2021-08-01","2021","8","เหล็กและโลหะ","24109020","เหล็กข้ออ้อย","0.289745853","53.19059427"
"2021-08-01","2021","8","เหล็กและโลหะ","24109030","เหล็กลวด","0.232286423","96.63727386"
"2021-08-01","2021","8","เหล็กและโลหะ","24109040","ลวดเหล็ก","0.165507535","96.1565997"
"2021-08-01","2021","8","เหล็กและโลหะ","24109050","ลวดเหล็กแรงดึงสูง","0.083421961","84.67139207"
"2021-08-01","2021","8","เหล็กและโลหะ","24109060","เหล็กรูปพรรณรีดร้อน","0.283247251","100.5699288"
"2021-08-01","2021","8","เหล็กและโลหะ","24109070","เหล็กโครงสร้างขึ้นรูปเย็น","0.069570356","94.59064918"
"2021-08-01","2021","8","ผลิตภัณฑ์โลหะแปรรูป","25949010","กระป๋องโลหะ","0.854641038","85.9081605"
"2021-08-01","2021","8","ผลิตภัณฑ์โลหะแปรรูป","25951010","ลวดเชื่อม","0.405670664","97.81134356"
"2021-08-01","2021","8","ผลิตภัณฑ์โลหะแปรรูป","25952010","สกรู นอต และตะปู","0.449289205","94.01767608"
"2021-08-01","2021","8","ผลิตภัณฑ์โลหะแปรรูป","25952020","สปริง","0.023669901","147.4266648"
"2021-08-01","2021","8","ผลิตภัณฑ์โลหะแปรรูป","25992010","เครื่องครัวและเครื่องใช้โลหะ","0.227088934","96.68160031"
"2021-08-01","2021","8","อุปกรณ์ไฟฟ้า","27101010","มอเตอร์ไฟฟ้า","0.459952015","76.38066737"
"2021-08-01","2021","8","อุปกรณ์ไฟฟ้า","27102010","หม้อแปลงไฟฟ้า","0.220429572","87.50567924"
"2021-08-01","2021","8","อุปกรณ์ไฟฟ้า","27320010","สายไฟฟ้า","0.224009076","100.0212667"
"2021-08-01","2021","8","อุปกรณ์ไฟฟ้า","27320020","สายเคเบิล","0.16203404","81.28739419"
"2021-08-01","2021","8","เครื่องจักร","28110010","เครื่องยนต์ดีเซลเพื่อการเกษตร","0.186177876","51.93153476"
"2021-08-01","2021","8","เครื่องจักร","28191010","ชุดคอนเดนซิ่งเครื่องปรับอากาศ","1.411701472","53.07432561"
"2021-08-01","2021","8","เครื่องจักร","28191020","ชุดแฟนคอยล์เครื่องปรับอากาศ","0.977811884","58.05741428"
"2021-08-01","2021","8","เครื่องจักร","28191030","คอมเพรสเซอร์","0.556634387","91.7841923"
"2021-08-01","2021","8","เครื่องจักร","28191040","เครื่องปรับอากาศแบบหน้าต่าง","0.199945353","19.13919711"
"2021-09-01","2021","9","เหล็กและโลหะ","24102010","เหล็กแผ่นรีดร้อน","0.570217861","109.1949161"
"2021-09-01","2021","9","เหล็กและโลหะ","24102020","เหล็กแผ่นรีดเย็น","0.324853077","109.5549516"
"2021-09-01","2021","9","เหล็กและโลหะ","24102030","เหล็กแผ่นเคลือบสังกะสี","0.389212591","106.6245898"
"2021-09-01","2021","9","เหล็กและโลหะ","24102040","เหล็กแผ่นเคลือบดีบุก","0.045511445","72.46459216"
"2021-09-01","2021","9","เหล็กและโลหะ","24102050","เหล็กแผ่นเคลือบโครเมียม","0.043343601","112.4083414"
"2021-09-01","2021","9","เหล็กและโลหะ","24103010","ท่อเหล็ก","0.822579882","104.6104017"
"2021-09-01","2021","9","เหล็กและโลหะ","24109010","เหล็กเส้นกลม","0.088363944","78.88200806"
"2021-09-01","2021","9","เหล็กและโลหะ","24109020","เหล็กข้ออ้อย","0.289745853","82.86166615"
"2021-09-01","2021","9","เหล็กและโลหะ","24109030","เหล็กลวด","0.232286423","81.76811881"
"2021-09-01","2021","9","เหล็กและโลหะ","24109040","ลวดเหล็ก","0.165507535","91.17809738"
"2021-09-01","2021","9","เหล็กและโลหะ","24109050","ลวดเหล็กแรงดึงสูง","0.083421961","99.38772379"
"2021-09-01","2021","9","เหล็กและโลหะ","24109060","เหล็กรูปพรรณรีดร้อน","0.283247251","104.8472248"
"2021-09-01","2021","9","เหล็กและโลหะ","24109070","เหล็กโครงสร้างขึ้นรูปเย็น","0.069570356","91.6144948"
"2021-09-01","2021","9","ผลิตภัณฑ์โลหะแปรรูป","25949010","กระป๋องโลหะ","0.854641038","100.189393"
"2021-09-01","2021","9","ผลิตภัณฑ์โลหะแปรรูป","25951010","ลวดเชื่อม","0.405670664","81.73573533"
"2021-09-01","2021","9","ผลิตภัณฑ์โลหะแปรรูป","25952010","สกรู นอต และตะปู","0.449289205","87.95523105"
"2021-09-01","2021","9","ผลิตภัณฑ์โลหะแปรรูป","25952020","สปริง","0.023669901","74.46433003"
"2021-09-01","2021","9","ผลิตภัณฑ์โลหะแปรรูป","25992010","เครื่องครัวและเครื่องใช้โลหะ","0.227088934","90.31100216"
"2021-09-01","2021","9","อุปกรณ์ไฟฟ้า","27101010","มอเตอร์ไฟฟ้า","0.459952015","86.22537719"
"2021-09-01","2021","9","อุปกรณ์ไฟฟ้า","27102010","หม้อแปลงไฟฟ้า","0.220429572","83.31440254"
"2021-09-01","2021","9","อุปกรณ์ไฟฟ้า","27320010","สายไฟฟ้า","0.224009076","106.8246883"
"2021-09-01","2021","9","อุปกรณ์ไฟฟ้า","27320020","สายเคเบิล","0.16203404","87.25576052"
"2021-09-01","2021","9","เครื่องจักร","28110010","เครื่องยนต์ดีเซลเพื่อการเกษตร","0.186177876","106.5590313"
"2021-09-01","2021","9","เครื่องจักร","28191010","ชุดคอนเดนซิ่งเครื่องปรับอากาศ","1.411701472","90.06051131"
"2021-09-01","2021","9","เครื่องจักร","28191020","ชุดแฟนคอยล์เครื่องปรับอากาศ","0.977811884","91.39648921"
"2021-09-01","2021","9","เครื่องจักร","28191030","คอมเพรสเซอร์","0.556634387","103.4226267"
"2021-09-01","2021","9","เครื่องจักร","28191040","เครื่องปรับอากาศแบบหน้าต่าง","0.199945353","143.8059836"
"2021-10-01","2021","10","เหล็กและโลหะ","24102010","เหล็กแผ่นรีดร้อน","0.570217861","108.745791"
"2021-10-01","2021","10","เหล็กและโลหะ","24102020","เหล็กแผ่นรีดเย็น","0.324853077","96.40092772"
"2021-10-01","2021","10","เหล็กและโลหะ","24102030","เหล็กแผ่นเคลือบสังกะสี","0.389212591","97.50941869"
"2021-10-01","2021","10","เหล็กและโลหะ","24102040","เหล็กแผ่นเคลือบดีบุก","0.045511445","87.96392019"
"2021-10-01","2021","10","เหล็กและโลหะ","24102050","เหล็กแผ่นเคลือบโครเมียม","0.043343601","81.63250706"
"2021-10-01","2021","10","เหล็กและโลหะ","24103010","ท่อเหล็ก","0.822579882","87.56575759"
"2021-10-01","2021","10","เหล็กและโลหะ","24109010","เหล็กเส้นกลม","0.088363944","112.9644504"
"2021-10-01","2021","10","เหล็กและโลหะ","24109020","เหล็กข้ออ้อย","0.289745853","108.2337767"
"2021-10-01","2021","10","เหล็กและโลหะ","24109030","เหล็กลวด","0.232286423","98.84532745"
"2021-10-01","2021","10","เหล็กและโลหะ","24109040","ลวดเหล็ก","0.165507535","96.77146037"
"2021-10-01","2021","10","เหล็กและโลหะ","24109050","ลวดเหล็กแรงดึงสูง","0.083421961","103.5694537"
"2021-10-01","2021","10","เหล็กและโลหะ","24109060","เหล็กรูปพรรณรีดร้อน","0.283247251","102.4749201"
"2021-10-01","2021","10","เหล็กและโลหะ","24109070","เหล็กโครงสร้างขึ้นรูปเย็น","0.069570356","87.95571591"
"2021-10-01","2021","10","ผลิตภัณฑ์โลหะแปรรูป","25949010","กระป๋องโลหะ","0.854641038","98.18417508"
"2021-10-01","2021","10","ผลิตภัณฑ์โลหะแปรรูป","25951010","ลวดเชื่อม","0.405670664","101.4315079"
"2021-10-01","2021","10","ผลิตภัณฑ์โลหะแปรรูป","25952010","สกรู นอต และตะปู","0.449289205","111.1376165"
"2021-10-01","2021","10","ผลิตภัณฑ์โลหะแปรรูป","25952020","สปริง","0.023669901","68.25789444"
"2021-10-01","2021","10","ผลิตภัณฑ์โลหะแปรรูป","25992010","เครื่องครัวและเครื่องใช้โลหะ","0.227088934","105.5978457"
"2021-10-01","2021","10","อุปกรณ์ไฟฟ้า","27101010","มอเตอร์ไฟฟ้า","0.459952015","99.67890925"
"2021-10-01","2021","10","อุปกรณ์ไฟฟ้า","27102010","หม้อแปลงไฟฟ้า","0.220429572","131.9400273"
"2021-10-01","2021","10","อุปกรณ์ไฟฟ้า","27320010","สายไฟฟ้า","0.224009076","79.76187148"
"2021-10-01","2021","10","อุปกรณ์ไฟฟ้า","27320020","สายเคเบิล","0.16203404","103.5914036"
"2021-10-01","2021","10","เครื่องจักร","28110010","เครื่องยนต์ดีเซลเพื่อการเกษตร","0.186177876","72.6081907"
"2021-10-01","2021","10","เครื่องจักร","28191010","ชุดคอนเดนซิ่งเครื่องปรับอากาศ","1.411701472","81.8140422"
"2021-10-01","2021","10","เครื่องจักร","28191020","ชุดแฟนคอยล์เครื่องปรับอากาศ","0.977811884","83.41717631"
"2021-10-01","2021","10","เครื่องจักร","28191030","คอมเพรสเซอร์","0.556634387","102.1419953"
"2021-10-01","2021","10","เครื่องจักร","28191040","เครื่องปรับอากาศแบบหน้าต่าง","0.199945353","152.1861754"
"2021-11-01","2021","11","เหล็กและโลหะ","24102010","เหล็กแผ่นรีดร้อน","0.570217861","102.2136944"
"2021-11-01","2021","11","เหล็กและโลหะ","24102020","เหล็กแผ่นรีดเย็น","0.324853077","96.66360408"
"2021-11-01","2021","11","เหล็กและโลหะ","24102030","เหล็กแผ่นเคลือบสังกะสี","0.389212591","97.42378827"
"2021-11-01","2021","11","เหล็กและโลหะ","24102040","เหล็กแผ่นเคลือบดีบุก","0.045511445","126.7238706"
"2021-11-01","2021","11","เหล็กและโลหะ","24102050","เหล็กแผ่นเคลือบโครเมียม","0.043343601","97.05619344"
"2021-11-01","2021","11","เหล็กและโลหะ","24103010","ท่อเหล็ก","0.822579882","93.21948199"
"2021-11-01","2021","11","เหล็กและโลหะ","24109010","เหล็กเส้นกลม","0.088363944","86.31964569"
"2021-11-01","2021","11","เหล็กและโลหะ","24109020","เหล็กข้ออ้อย","0.289745853","106.8117801"
"2021-11-01","2021","11","เหล็กและโลหะ","24109030","เหล็กลวด","0.232286423","95.25322238"
"2021-11-01","2021","11","เหล็กและโลหะ","24109040","ลวดเหล็ก","0.165507535","91.40793559"
"2021-11-01","2021","11","เหล็กและโลหะ","24109050","ลวดเหล็กแรงดึงสูง","0.083421961","98.97000736"
"2021-11-01","2021","11","เหล็กและโลหะ","24109060","เหล็กรูปพรรณรีดร้อน","0.283247251","102.7060347"
"2021-11-01","2021","11","เหล็กและโลหะ","24109070","เหล็กโครงสร้างขึ้นรูปเย็น","0.069570356","89.32833021"
"2021-11-01","2021","11","ผลิตภัณฑ์โลหะแปรรูป","25949010","กระป๋องโลหะ","0.854641038","96.51058713"
"2021-11-01","2021","11","ผลิตภัณฑ์โลหะแปรรูป","25951010","ลวดเชื่อม","0.405670664","108.0470254"
"2021-11-01","2021","11","ผลิตภัณฑ์โลหะแปรรูป","25952010","สกรู นอต และตะปู","0.449289205","107.7723979"
"2021-11-01","2021","11","ผลิตภัณฑ์โลหะแปรรูป","25952020","สปริง","0.023669901","102.8911174"
"2021-11-01","2021","11","ผลิตภัณฑ์โลหะแปรรูป","25992010","เครื่องครัวและเครื่องใช้โลหะ","0.227088934","95.37644178"
"2021-11-01","2021","11","อุปกรณ์ไฟฟ้า","27101010","มอเตอร์ไฟฟ้า","0.459952015","109.7982196"
"2021-11-01","2021","11","อุปกรณ์ไฟฟ้า","27102010","หม้อแปลงไฟฟ้า","0.220429572","96.16083598"
"2021-11-01","2021","11","อุปกรณ์ไฟฟ้า","27320010","สายไฟฟ้า","0.224009076","87.66416897"
"2021-11-01","2021","11","อุปกรณ์ไฟฟ้า","27320020","สายเคเบิล","0.16203404","114.2324838"
"2021-11-01","2021","11","เครื่องจักร","28110010","เครื่องยนต์ดีเซลเพื่อการเกษตร","0.186177876","70.34632447"
"2021-11-01","2021","11","เครื่องจักร","28191010","ชุดคอนเดนซิ่งเครื่องปรับอากาศ","1.411701472","88.69700273"
"2021-11-01","2021","11","เครื่องจักร","28191020","ชุดแฟนคอยล์เครื่องปรับอากาศ","0.977811884","81.00229356"
"2021-11-01","2021","11","เครื่องจักร","28191030","คอมเพรสเซอร์","0.556634387","103.0027852"
"2021-11-01","2021","11","เครื่องจักร","28191040","เครื่องปรับอากาศแบบหน้าต่าง","0.199945353","201.1511147"
"2021-12-01","2021","12","เหล็กและโลหะ","24102010","เหล็กแผ่นรีดร้อน","0.570217861","64.17019159"
"2021-12-01","2021","12","เหล็กและโลหะ","24102020","เหล็กแผ่นรีดเย็น","0.324853077","81.18974081"
"2021-12-01","2021","12","เหล็กและโลหะ","24102030","เหล็กแผ่นเคลือบสังกะสี","0.389212591","85.84381116"
"2021-12-01","2021","12","เหล็กและโลหะ","24102040","เหล็กแผ่นเคลือบดีบุก","0.045511445","112.550398"
"2021-12-01","2021","12","เหล็กและโลหะ","24102050","เหล็กแผ่นเคลือบโครเมียม","0.043343601","94.27334836"
"2021-12-01","2021","12","เหล็กและโลหะ","24103010","ท่อเหล็ก","0.822579882","73.20060802"
"2021-12-01","2021","12","เหล็กและโลหะ","24109010","เหล็กเส้นกลม","0.088363944","101.2213941"
"2021-12-01","2021","12","เหล็กและโลหะ","24109020","เหล็กข้ออ้อย","0.289745853","96.56100994"
"2021-12-01","2021","12","เหล็กและโลหะ","24109030","เหล็กลวด","0.232286423","74.68649911"
"2021-12-01","2021","12","เหล็กและโลหะ","24109040","ลวดเหล็ก","0.165507535","86.54662356"
"2021-12-01","2021","12","เหล็กและโลหะ","24109050","ลวดเหล็กแรงดึงสูง","0.083421961","83.29725758"
"2021-12-01","2021","12","เหล็กและโลหะ","24109060","เหล็กรูปพรรณรีดร้อน","0.283247251","86.26207907"
"2021-12-01","2021","12","เหล็กและโลหะ","24109070","เหล็กโครงสร้างขึ้นรูปเย็น","0.069570356","68.26960658"
"2021-12-01","2021","12","ผลิตภัณฑ์โลหะแปรรูป","25949010","กระป๋องโลหะ","0.854641038","101.201245"
"2021-12-01","2021","12","ผลิตภัณฑ์โลหะแปรรูป","25951010","ลวดเชื่อม","0.405670664","96.93894093"
"2021-12-01","2021","12","ผลิตภัณฑ์โลหะแปรรูป","25952010","สกรู นอต และตะปู","0.449289205","101.2562506"
"2021-12-01","2021","12","ผลิตภัณฑ์โลหะแปรรูป","25952020","สปริง","0.023669901","82.36469454"
"2021-12-01","2021","12","ผลิตภัณฑ์โลหะแปรรูป","25992010","เครื่องครัวและเครื่องใช้โลหะ","0.227088934","87.02413509"
"2021-12-01","2021","12","อุปกรณ์ไฟฟ้า","27101010","มอเตอร์ไฟฟ้า","0.459952015","95.85854878"
"2021-12-01","2021","12","อุปกรณ์ไฟฟ้า","27102010","หม้อแปลงไฟฟ้า","0.220429572","156.5765561"
"2021-12-01","2021","12","อุปกรณ์ไฟฟ้า","27320010","สายไฟฟ้า","0.224009076","77.74723926"
"2021-12-01","2021","12","อุปกรณ์ไฟฟ้า","27320020","สายเคเบิล","0.16203404","109.4043556"
"2021-12-01","2021","12","เครื่องจักร","28110010","เครื่องยนต์ดีเซลเพื่อการเกษตร","0.186177876","54.01062392"
"2021-12-01","2021","12","เครื่องจักร","28191010","ชุดคอนเดนซิ่งเครื่องปรับอากาศ","1.411701472","85.58164857"
"2021-12-01","2021","12","เครื่องจักร","28191020","ชุดแฟนคอยล์เครื่องปรับอากาศ","0.977811884","81.95716195"
"2021-12-01","2021","12","เครื่องจักร","28191030","คอมเพรสเซอร์","0.556634387","85.56301436"
"2021-12-01","2021","12","เครื่องจักร","28191040","เครื่องปรับอากาศแบบหน้าต่าง","0.199945353","191.763992"
"2022-01-01","2022","1","เหล็กและโลหะ","24102010","เหล็กแผ่นรีดร้อน","0.570217861","82.60975792"
"2022-01-01","2022","1","เหล็กและโลหะ","24102020","เหล็กแผ่นรีดเย็น","0.324853077","79.00999977"
"2022-01-01","2022","1","เหล็กและโลหะ","24102030","เหล็กแผ่นเคลือบสังกะสี","0.389212591","80.1464665"
"2022-01-01","2022","1","เหล็กและโลหะ","24102040","เหล็กแผ่นเคลือบดีบุก","0.045511445","119.1331541"
"2022-01-01","2022","1","เหล็กและโลหะ","24102050","เหล็กแผ่นเคลือบโครเมียม","0.043343601","102.7578066"
"2022-01-01","2022","1","เหล็กและโลหะ","24103010","ท่อเหล็ก","0.822579882","118.6104048"
"2022-01-01","2022","1","เหล็กและโลหะ","24109010","เหล็กเส้นกลม","0.088363944","89.81550308"
"2022-01-01","2022","1","เหล็กและโลหะ","24109020","เหล็กข้ออ้อย","0.289745853","97.69804053"
"2022-01-01","2022","1","เหล็กและโลหะ","24109030","เหล็กลวด","0.232286423","113.1375636"
"2022-01-01","2022","1","เหล็กและโลหะ","24109040","ลวดเหล็ก","0.165507535","101.4272971"
"2022-01-01","2022","1","เหล็กและโลหะ","24109050","ลวดเหล็กแรงดึงสูง","0.083421961","95.63704256"
"2022-01-01","2022","1","เหล็กและโลหะ","24109060","เหล็กรูปพรรณรีดร้อน","0.283247251","86.27721936"
"2022-01-01","2022","1","เหล็กและโลหะ","24109070","เหล็กโครงสร้างขึ้นรูปเย็น","0.069570356","95.36337083"
"2022-01-01","2022","1","ผลิตภัณฑ์โลหะแปรรูป","25949010","กระป๋องโลหะ","0.854641038","99.41057941"
"2022-01-01","2022","1","ผลิตภัณฑ์โลหะแปรรูป","25951010","ลวดเชื่อม","0.405670664","99.13259605"
"2022-01-01","2022","1","ผลิตภัณฑ์โลหะแปรรูป","25952010","สกรู นอต และตะปู","0.449289205","116.0564824"
"2022-01-01","2022","1","ผลิตภัณฑ์โลหะแปรรูป","25952020","สปริง","0.023669901","93.92022809"
"2022-01-01","2022","1","ผลิตภัณฑ์โลหะแปรรูป","25992010","เครื่องครัวและเครื่องใช้โลหะ","0.227088934","80.3799263"
"2022-01-01","2022","1","อุปกรณ์ไฟฟ้า","27101010","มอเตอร์ไฟฟ้า","0.459952015","111.203951"
"2022-01-01","2022","1","อุปกรณ์ไฟฟ้า","27102010","หม้อแปลงไฟฟ้า","0.220429572","121.7174012"
"2022-01-01","2022","1","อุปกรณ์ไฟฟ้า","27320010","สายไฟฟ้า","0.224009076","66.73355988"
"2022-01-01","2022","1","อุปกรณ์ไฟฟ้า","27320020","สายเคเบิล","0.16203404","96.40554905"
"2022-01-01","2022","1","เครื่องจักร","28110010","เครื่องยนต์ดีเซลเพื่อการเกษตร","0.186177876","97.03177656"
"2022-01-01","2022","1","เครื่องจักร","28191010","ชุดคอนเดนซิ่งเครื่องปรับอากาศ","1.411701472","105.8154703"
"2022-01-01","2022","1","เครื่องจักร","28191020","ชุดแฟนคอยล์เครื่องปรับอากาศ","0.977811884","100.047405"
"2022-01-01","2022","1","เครื่องจักร","28191030","คอมเพรสเซอร์","0.556634387","100.9314652"
"2022-01-01","2022","1","เครื่องจักร","28191040","เครื่องปรับอากาศแบบหน้าต่าง","0.199945353","225.9558995"
"2022-02-01","2022","2","เหล็กและโลหะ","24102010","เหล็กแผ่นรีดร้อน","0.570217861","99.12148442"
"2022-02-01","2022","2","เหล็กและโลหะ","24102020","เหล็กแผ่นรีดเย็น","0.324853077","77.49676587"
"2022-02-01","2022","2","เหล็กและโลหะ","24102030","เหล็กแผ่นเคลือบสังกะสี","0.389212591","86.93729594"
"2022-02-01","2022","2","เหล็กและโลหะ","24102040","เหล็กแผ่นเคลือบดีบุก","0.045511445","117.6677349"
"2022-02-01","2022","2","เหล็กและโลหะ","24102050","เหล็กแผ่นเคลือบโครเมียม","0.043343601","82.42658368"
"2022-02-01","2022","2","เหล็กและโลหะ","24103010","ท่อเหล็ก","0.822579882","98.92029469"
"2022-02-01","2022","2","เหล็กและโลหะ","24109010","เหล็กเส้นกลม","0.088363944","128.2164031"
"2022-02-01","2022","2","เหล็กและโลหะ","24109020","เหล็กข้ออ้อย","0.289745853","104.9583359"
"2022-02-01","2022","2","เหล็กและโลหะ","24109030","เหล็กลวด","0.232286423","101.8156539"
"2022-02-01","2022","2","เหล็กและโลหะ","24109040","ลวดเหล็ก","0.165507535","95.07459567"
"2022-02-01","2022","2","เหล็กและโลหะ","24109050","ลวดเหล็กแรงดึงสูง","0.083421961","90.04354533"
"2022-02-01","2022","2","เหล็กและโลหะ","24109060","เหล็กรูปพรรณรีดร้อน","0.283247251","111.1639446"
"2022-02-01","2022","2","เหล็กและโลหะ","24109070","เหล็กโครงสร้างขึ้นรูปเย็น","0.069570356","96.98818847"
"2022-02-01","2022","2","ผลิตภัณฑ์โลหะแปรรูป","25949010","กระป๋องโลหะ","0.854641038","96.44346694"
"2022-02-01","2022","2","ผลิตภัณฑ์โลหะแปรรูป","25951010","ลวดเชื่อม","0.405670664","99.72262374"
"2022-02-01","2022","2","ผลิตภัณฑ์โลหะแปรรูป","25952010","สกรู นอต และตะปู","0.449289205","98.46071678"
"2022-02-01","2022","2","ผลิตภัณฑ์โลหะแปรรูป","25952020","สปริง","0.023669901","104.178428"
"2022-02-01","2022","2","ผลิตภัณฑ์โลหะแปรรูป","25992010","เครื่องครัวและเครื่องใช้โลหะ","0.227088934","93.05141033"
"2022-02-01","2022","2","อุปกรณ์ไฟฟ้า","27101010","มอเตอร์ไฟฟ้า","0.459952015","114.3631548"
"2022-02-01","2022","2","อุปกรณ์ไฟฟ้า","27102010","หม้อแปลงไฟฟ้า","0.220429572","137.4943208"
"2022-02-01","2022","2","อุปกรณ์ไฟฟ้า","27320010","สายไฟฟ้า","0.224009076","78.73634378"
"2022-02-01","2022","2","อุปกรณ์ไฟฟ้า","27320020","สายเคเบิล","0.16203404","109.8178034"
"2022-02-01","2022","2","เครื่องจักร","28110010","เครื่องยนต์ดีเซลเพื่อการเกษตร","0.186177876","110.9456809"
"2022-02-01","2022","2","เครื่องจักร","28191010","ชุดคอนเดนซิ่งเครื่องปรับอากาศ","1.411701472","124.6714599"
"2022-02-01","2022","2","เครื่องจักร","28191020","ชุดแฟนคอยล์เครื่องปรับอากาศ","0.977811884","117.4303691"
"2022-02-01","2022","2","เครื่องจักร","28191030","คอมเพรสเซอร์","0.556634387","105.8296886"
"2022-02-01","2022","2","เครื่องจักร","28191040","เครื่องปรับอากาศแบบหน้าต่าง","0.199945353","204.5381844"
"2022-03-01","2022","3","เหล็กและโลหะ","24102010","เหล็กแผ่นรีดร้อน","0.570217861","93.21455961"
"2022-03-01","2022","3","เหล็กและโลหะ","24102020","เหล็กแผ่นรีดเย็น","0.324853077","87.06161273"
"2022-03-01","2022","3","เหล็กและโลหะ","24102030","เหล็กแผ่นเคลือบสังกะสี","0.389212591","102.3966922"
"2022-03-01","2022","3","เหล็กและโลหะ","24102040","เหล็กแผ่นเคลือบดีบุก","0.045511445","103.3004239"
"2022-03-01","2022","3","เหล็กและโลหะ","24102050","เหล็กแผ่นเคลือบโครเมียม","0.043343601","91.34027256"
"2022-03-01","2022","3","เหล็กและโลหะ","24103010","ท่อเหล็ก","0.822579882","103.4731421"
"2022-03-01","2022","3","เหล็กและโลหะ","24109010","เหล็กเส้นกลม","0.088363944","134.8375658"
"2022-03-01","2022","3","เหล็กและโลหะ","24109020","เหล็กข้ออ้อย","0.289745853","103.9036721"
"2022-03-01","2022","3","เหล็กและโลหะ","24109030","เหล็กลวด","0.232286423","115.9251944"
"2022-03-01","2022","3","เหล็กและโลหะ","24109040","ลวดเหล็ก","0.165507535","107.8462715"
"2022-03-01","2022","3","เหล็กและโลหะ","24109050","ลวดเหล็กแรงดึงสูง","0.083421961","106.2598191"
"2022-03-01","2022","3","เหล็กและโลหะ","24109060","เหล็กรูปพรรณรีดร้อน","0.283247251","119.742904"
"2022-03-01","2022","3","เหล็กและโลหะ","24109070","เหล็กโครงสร้างขึ้นรูปเย็น","0.069570356","112.0827991"
"2022-03-01","2022","3","ผลิตภัณฑ์โลหะแปรรูป","25949010","กระป๋องโลหะ","0.854641038","104.9756997"
"2022-03-01","2022","3","ผลิตภัณฑ์โลหะแปรรูป","25951010","ลวดเชื่อม","0.405670664","114.190594"
"2022-03-01","2022","3","ผลิตภัณฑ์โลหะแปรรูป","25952010","สกรู นอต และตะปู","0.449289205","118.9248086"
"2022-03-01","2022","3","ผลิตภัณฑ์โลหะแปรรูป","25952020","สปริง","0.023669901","73.28210352"
"2022-03-01","2022","3","ผลิตภัณฑ์โลหะแปรรูป","25992010","เครื่องครัวและเครื่องใช้โลหะ","0.227088934","97.00208512"
"2022-03-01","2022","3","อุปกรณ์ไฟฟ้า","27101010","มอเตอร์ไฟฟ้า","0.459952015","122.2215006"
"2022-03-01","2022","3","อุปกรณ์ไฟฟ้า","27102010","หม้อแปลงไฟฟ้า","0.220429572","204.7592004"
"2022-03-01","2022","3","อุปกรณ์ไฟฟ้า","27320010","สายไฟฟ้า","0.224009076","92.68060981"
"2022-03-01","2022","3","อุปกรณ์ไฟฟ้า","27320020","สายเคเบิล","0.16203404","115.5658471"
"2022-03-01","2022","3","เครื่องจักร","28110010","เครื่องยนต์ดีเซลเพื่อการเกษตร","0.186177876","144.8508273"
"2022-03-01","2022","3","เครื่องจักร","28191010","ชุดคอนเดนซิ่งเครื่องปรับอากาศ","1.411701472","137.6183779"
"2022-03-01","2022","3","เครื่องจักร","28191020","ชุดแฟนคอยล์เครื่องปรับอากาศ","0.977811884","130.8519009"
"2022-03-01","2022","3","เครื่องจักร","28191030","คอมเพรสเซอร์","0.556634387","116.456632"
"2022-03-01","2022","3","เครื่องจักร","28191040","เครื่องปรับอากาศแบบหน้าต่าง","0.199945353","200.3461003"
"2022-04-01","2022","4","เหล็กและโลหะ","24102010","เหล็กแผ่นรีดร้อน","0.570217861","99.54417279"
"2022-04-01","2022","4","เหล็กและโลหะ","24102020","เหล็กแผ่นรีดเย็น","0.324853077","73.69383361"
"2022-04-01","2022","4","เหล็กและโลหะ","24102030","เหล็กแผ่นเคลือบสังกะสี","0.389212591","94.74897058"
"2022-04-01","2022","4","เหล็กและโลหะ","24102040","เหล็กแผ่นเคลือบดีบุก","0.045511445","83.34280988"
"2022-04-01","2022","4","เหล็กและโลหะ","24102050","เหล็กแผ่นเคลือบโครเมียม","0.043343601","62.25989913"
"2022-04-01","2022","4","เหล็กและโลหะ","24103010","ท่อเหล็ก","0.822579882","82.69224436"
"2022-04-01","2022","4","เหล็กและโลหะ","24109010","เหล็กเส้นกลม","0.088363944","108.5717184"
"2022-04-01","2022","4","เหล็กและโลหะ","24109020","เหล็กข้ออ้อย","0.289745853","99.68027917"
"2022-04-01","2022","4","เหล็กและโลหะ","24109030","เหล็กลวด","0.232286423","113.1907086"
"2022-04-01","2022","4","เหล็กและโลหะ","24109040","ลวดเหล็ก","0.165507535","94.08743164"
"2022-04-01","2022","4","เหล็กและโลหะ","24109050","ลวดเหล็กแรงดึงสูง","0.083421961","86.69826138"
"2022-04-01","2022","4","เหล็กและโลหะ","24109060","เหล็กรูปพรรณรีดร้อน","0.283247251","117.9453759"
"2022-04-01","2022","4","เหล็กและโลหะ","24109070","เหล็กโครงสร้างขึ้นรูปเย็น","0.069570356","81.18338823"
"2022-04-01","2022","4","ผลิตภัณฑ์โลหะแปรรูป","25949010","กระป๋องโลหะ","0.854641038","94.08231204"
"2022-04-01","2022","4","ผลิตภัณฑ์โลหะแปรรูป","25951010","ลวดเชื่อม","0.405670664","84.30344807"
"2022-04-01","2022","4","ผลิตภัณฑ์โลหะแปรรูป","25952010","สกรู นอต และตะปู","0.449289205","89.75293785"
"2022-04-01","2022","4","ผลิตภัณฑ์โลหะแปรรูป","25952020","สปริง","0.023669901","71.99409249"
"2022-04-01","2022","4","ผลิตภัณฑ์โลหะแปรรูป","25992010","เครื่องครัวและเครื่องใช้โลหะ","0.227088934","63.21439069"
"2022-04-01","2022","4","อุปกรณ์ไฟฟ้า","27101010","มอเตอร์ไฟฟ้า","0.459952015","100.9823639"
"2022-04-01","2022","4","อุปกรณ์ไฟฟ้า","27102010","หม้อแปลงไฟฟ้า","0.220429572","193.0713312"
"2022-04-01","2022","4","อุปกรณ์ไฟฟ้า","27320010","สายไฟฟ้า","0.224009076","77.18319507"
"2022-04-01","2022","4","อุปกรณ์ไฟฟ้า","27320020","สายเคเบิล","0.16203404","84.41533558"
"2022-04-01","2022","4","เครื่องจักร","28110010","เครื่องยนต์ดีเซลเพื่อการเกษตร","0.186177876","135.574891"
"2022-04-01","2022","4","เครื่องจักร","28191010","ชุดคอนเดนซิ่งเครื่องปรับอากาศ","1.411701472","114.8334826"
"2022-04-01","2022","4","เครื่องจักร","28191020","ชุดแฟนคอยล์เครื่องปรับอากาศ","0.977811884","108.0915494"
"2022-04-01","2022","4","เครื่องจักร","28191030","คอมเพรสเซอร์","0.556634387","100.0963754"
"2022-04-01","2022","4","เครื่องจักร","28191040","เครื่องปรับอากาศแบบหน้าต่าง","0.199945353","133.3770254"
"2022-05-01","2022","5","เหล็กและโลหะ","24102010","เหล็กแผ่นรีดร้อน","0.570217861","112.5786018"
"2022-05-01","2022","5","เหล็กและโลหะ","24102020","เหล็กแผ่นรีดเย็น","0.324853077","85.82027059"
"2022-05-01","2022","5","เหล็กและโลหะ","24102030","เหล็กแผ่นเคลือบสังกะสี","0.389212591","97.41488116"
"2022-05-01","2022","5","เหล็กและโลหะ","24102040","เหล็กแผ่นเคลือบดีบุก","0.045511445","83.92432544"
"2022-05-01","2022","5","เหล็กและโลหะ","24102050","เหล็กแผ่นเคลือบโครเมียม","0.043343601","85.21658261"
"2022-05-01","2022","5","เหล็กและโลหะ","24103010","ท่อเหล็ก","0.822579882","111.4359973"
"2022-05-01","2022","5","เหล็กและโลหะ","24109010","เหล็กเส้นกลม","0.088363944","91.17070078"
"2022-05-01","2022","5","เหล็กและโลหะ","24109020","เหล็กข้ออ้อย","0.289745853","126.8956156"
"2022-05-01","2022","5","เหล็กและโลหะ","24109030","เหล็กลวด","0.232286423","114.0596259"
"2022-05-01","2022","5","เหล็กและโลหะ","24109040","ลวดเหล็ก","0.165507535","100.091862"
"2022-05-01","2022","5","เหล็กและโลหะ","24109050","ลวดเหล็กแรงดึงสูง","0.083421961","108.9284503"
"2022-05-01","2022","5","เหล็กและโลหะ","24109060","เหล็กรูปพรรณรีดร้อน","0.283247251","103.2358235"
"2022-05-01","2022","5","เหล็กและโลหะ","24109070","เหล็กโครงสร้างขึ้นรูปเย็น","0.069570356","83.96480037"
"2022-05-01","2022","5","ผลิตภัณฑ์โลหะแปรรูป","25949010","กระป๋องโลหะ","0.854641038","112.1211618"
"2022-05-01","2022","5","ผลิตภัณฑ์โลหะแปรรูป","25951010","ลวดเชื่อม","0.405670664","102.927642"
"2022-05-01","2022","5","ผลิตภัณฑ์โลหะแปรรูป","25952010","สกรู นอต และตะปู","0.449289205","100.5660454"
"2022-05-01","2022","5","ผลิตภัณฑ์โลหะแปรรูป","25952020","สปริง","0.023669901","118.2047788"
"2022-05-01","2022","5","ผลิตภัณฑ์โลหะแปรรูป","25992010","เครื่องครัวและเครื่องใช้โลหะ","0.227088934","62.21552621"
"2022-05-01","2022","5","อุปกรณ์ไฟฟ้า","27101010","มอเตอร์ไฟฟ้า","0.459952015","117.7307037"
"2022-05-01","2022","5","อุปกรณ์ไฟฟ้า","27102010","หม้อแปลงไฟฟ้า","0.220429572","199.3412085"
"2022-05-01","2022","5","อุปกรณ์ไฟฟ้า","27320010","สายไฟฟ้า","0.224009076","88.028929"
"2022-05-01","2022","5","อุปกรณ์ไฟฟ้า","27320020","สายเคเบิล","0.16203404","68.55553452"
"2022-05-01","2022","5","เครื่องจักร","28110010","เครื่องยนต์ดีเซลเพื่อการเกษตร","0.186177876","131.8508082"
"2022-05-01","2022","5","เครื่องจักร","28191010","ชุดคอนเดนซิ่งเครื่องปรับอากาศ","1.411701472","130.9436421"
"2022-05-01","2022","5","เครื่องจักร","28191020","ชุดแฟนคอยล์เครื่องปรับอากาศ","0.977811884","125.7014241"
"2022-05-01","2022","5","เครื่องจักร","28191030","คอมเพรสเซอร์","0.556634387","115.0214719"
"2022-05-01","2022","5","เครื่องจักร","28191040","เครื่องปรับอากาศแบบหน้าต่าง","0.199945353","54.95217925"
"2022-06-01","2022","6","เหล็กและโลหะ","24102010","เหล็กแผ่นรีดร้อน","0.570217861","85.23574187"
"2022-06-01","2022","6","เหล็กและโลหะ","24102020","เหล็กแผ่นรีดเย็น","0.324853077","81.36256737"
"2022-06-01","2022","6","เหล็กและโลหะ","24102030","เหล็กแผ่นเคลือบสังกะสี","0.389212591","90.18256999"
"2022-06-01","2022","6","เหล็กและโลหะ","24102040","เหล็กแผ่นเคลือบดีบุก","0.045511445","94.08921741"
"2022-06-01","2022","6","เหล็กและโลหะ","24102050","เหล็กแผ่นเคลือบโครเมียม","0.043343601","81.54666094"
"2022-06-01","2022","6","เหล็กและโลหะ","24103010","ท่อเหล็ก","0.822579882","92.27890573"
"2022-06-01","2022","6","เหล็กและโลหะ","24109010","เหล็กเส้นกลม","0.088363944","78.47002796"
"2022-06-01","2022","6","เหล็กและโลหะ","24109020","เหล็กข้ออ้อย","0.289745853","100.9837973"
"2022-06-01","2022","6","เหล็กและโลหะ","24109030","เหล็กลวด","0.232286423","92.23001682"
"2022-06-01","2022","6","เหล็กและโลหะ","24109040","ลวดเหล็ก","0.165507535","95.42469652"
"2022-06-01","2022","6","เหล็กและโลหะ","24109050","ลวดเหล็กแรงดึงสูง","0.083421961","106.8852905"
"2022-06-01","2022","6","เหล็กและโลหะ","24109060","เหล็กรูปพรรณรีดร้อน","0.283247251","81.40911426"
"2022-06-01","2022","6","เหล็กและโลหะ","24109070","เหล็กโครงสร้างขึ้นรูปเย็น","0.069570356","77.88463993"
"2022-06-01","2022","6","ผลิตภัณฑ์โลหะแปรรูป","25949010","กระป๋องโลหะ","0.854641038","110.6859513"
"2022-06-01","2022","6","ผลิตภัณฑ์โลหะแปรรูป","25951010","ลวดเชื่อม","0.405670664","102.8115684"
"2022-06-01","2022","6","ผลิตภัณฑ์โลหะแปรรูป","25952010","สกรู นอต และตะปู","0.449289205","104.5762902"
"2022-06-01","2022","6","ผลิตภัณฑ์โลหะแปรรูป","25952020","สปริง","0.023669901","106.7515519"
"2022-06-01","2022","6","ผลิตภัณฑ์โลหะแปรรูป","25992010","เครื่องครัวและเครื่องใช้โลหะ","0.227088934","90.55661243"
"2022-06-01","2022","6","อุปกรณ์ไฟฟ้า","27101010","มอเตอร์ไฟฟ้า","0.459952015","111.4998052"
"2022-06-01","2022","6","อุปกรณ์ไฟฟ้า","27102010","หม้อแปลงไฟฟ้า","0.220429572","195.0136302"
"2022-06-01","2022","6","อุปกรณ์ไฟฟ้า","27320010","สายไฟฟ้า","0.224009076","98.83345905"
"2022-06-01","2022","6","อุปกรณ์ไฟฟ้า","27320020","สายเคเบิล","0.16203404","96.8679066"
"2022-06-01","2022","6","เครื่องจักร","28110010","เครื่องยนต์ดีเซลเพื่อการเกษตร","0.186177876","134.204063"
"2022-06-01","2022","6","เครื่องจักร","28191010","ชุดคอนเดนซิ่งเครื่องปรับอากาศ","1.411701472","116.0624147"
"2022-06-01","2022","6","เครื่องจักร","28191020","ชุดแฟนคอยล์เครื่องปรับอากาศ","0.977811884","113.7887166"
"2022-06-01","2022","6","เครื่องจักร","28191030","คอมเพรสเซอร์","0.556634387","111.1082738"
"2022-06-01","2022","6","เครื่องจักร","28191040","เครื่องปรับอากาศแบบหน้าต่าง","0.199945353","25.74588288"
"2022-07-01","2022","7","เหล็กและโลหะ","24102010","เหล็กแผ่นรีดร้อน","0.570217861","45.11666836"
"2022-07-01","2022","7","เหล็กและโลหะ","24102020","เหล็กแผ่นรีดเย็น","0.324853077","59.88564878"
"2022-07-01","2022","7","เหล็กและโลหะ","24102030","เหล็กแผ่นเคลือบสังกะสี","0.389212591","89.6025706"
"2022-07-01","2022","7","เหล็กและโลหะ","24102040","เหล็กแผ่นเคลือบดีบุก","0.045511445","90.85518453"
"2022-07-01","2022","7","เหล็กและโลหะ","24102050","เหล็กแผ่นเคลือบโครเมียม","0.043343601","91.14890725"
"2022-07-01","2022","7","เหล็กและโลหะ","24103010","ท่อเหล็ก","0.822579882","89.04212392"
"2022-07-01","2022","7","เหล็กและโลหะ","24109010","เหล็กเส้นกลม","0.088363944","84.10463576"
"2022-07-01","2022","7","เหล็กและโลหะ","24109020","เหล็กข้ออ้อย","0.289745853","113.4852716"
"2022-07-01","2022","7","เหล็กและโลหะ","24109030","เหล็กลวด","0.232286423","106.7482023"
"2022-07-01","2022","7","เหล็กและโลหะ","24109040","ลวดเหล็ก","0.165507535","89.38254058"
"2022-07-01","2022","7","เหล็กและโลหะ","24109050","ลวดเหล็กแรงดึงสูง","0.083421961","90.36865651"
"2022-07-01","2022","7","เหล็กและโลหะ","24109060","เหล็กรูปพรรณรีดร้อน","0.283247251","80.86265206"
"2022-07-01","2022","7","เหล็กและโลหะ","24109070","เหล็กโครงสร้างขึ้นรูปเย็น","0.069570356","67.81156918"
"2022-07-01","2022","7","ผลิตภัณฑ์โลหะแปรรูป","25949010","กระป๋องโลหะ","0.854641038","106.369816"
"2022-07-01","2022","7","ผลิตภัณฑ์โลหะแปรรูป","25951010","ลวดเชื่อม","0.405670664","97.99010068"
"2022-07-01","2022","7","ผลิตภัณฑ์โลหะแปรรูป","25952010","สกรู นอต และตะปู","0.449289205","91.77872842"
"2022-07-01","2022","7","ผลิตภัณฑ์โลหะแปรรูป","25952020","สปริง","0.023669901","85.09929676"
"2022-07-01","2022","7","ผลิตภัณฑ์โลหะแปรรูป","25992010","เครื่องครัวและเครื่องใช้โลหะ","0.227088934","80.15269977"
"2022-07-01","2022","7","อุปกรณ์ไฟฟ้า","27101010","มอเตอร์ไฟฟ้า","0.459952015","105.3706846"
"2022-07-01","2022","7","อุปกรณ์ไฟฟ้า","27102010","หม้อแปลงไฟฟ้า","0.220429572","164.9591095"
"2022-07-01","2022","7","อุปกรณ์ไฟฟ้า","27320010","สายไฟฟ้า","0.224009076","83.90286184"
"2022-07-01","2022","7","อุปกรณ์ไฟฟ้า","27320020","สายเคเบิล","0.16203404","80.07836233"
"2022-07-01","2022","7","เครื่องจักร","28110010","เครื่องยนต์ดีเซลเพื่อการเกษตร","0.186177876","80.39906327"
"2022-07-01","2022","7","เครื่องจักร","28191010","ชุดคอนเดนซิ่งเครื่องปรับอากาศ","1.411701472","95.07361799"
"2022-07-01","2022","7","เครื่องจักร","28191020","ชุดแฟนคอยล์เครื่องปรับอากาศ","0.977811884","107.6378216"
"2022-07-01","2022","7","เครื่องจักร","28191030","คอมเพรสเซอร์","0.556634387","112.144918"
"2022-07-01","2022","7","เครื่องจักร","28191040","เครื่องปรับอากาศแบบหน้าต่าง","0.199945353","9.127326604"
"2022-08-01","2022","8","เหล็กและโลหะ","24102010","เหล็กแผ่นรีดร้อน","0.570217861","79.09574626"
"2022-08-01","2022","8","เหล็กและโลหะ","24102020","เหล็กแผ่นรีดเย็น","0.324853077","67.48601349"
"2022-08-01","2022","8","เหล็กและโลหะ","24102030","เหล็กแผ่นเคลือบสังกะสี","0.389212591","82.45661188"
"2022-08-01","2022","8","เหล็กและโลหะ","24102040","เหล็กแผ่นเคลือบดีบุก","0.045511445","97.41548641"
"2022-08-01","2022","8","เหล็กและโลหะ","24102050","เหล็กแผ่นเคลือบโครเมียม","0.043343601","114.4400329"
"2022-08-01","2022","8","เหล็กและโลหะ","24103010","ท่อเหล็ก","0.822579882","117.3256176"
"2022-08-01","2022","8","เหล็กและโลหะ","24109010","เหล็กเส้นกลม","0.088363944","77.20475621"
"2022-08-01","2022","8","เหล็กและโลหะ","24109020","เหล็กข้ออ้อย","0.289745853","113.1182822"
"2022-08-01","2022","8","เหล็กและโลหะ","24109030","เหล็กลวด","0.232286423","73.1743702"
"2022-08-01","2022","8","เหล็กและโลหะ","24109040","ลวดเหล็ก","0.165507535","76.67005781"
"2022-08-01","2022","8","เหล็กและโลหะ","24109050","ลวดเหล็กแรงดึงสูง","0.083421961","89.2977415"
"2022-08-01","2022","8","เหล็กและโลหะ","24109060","เหล็กรูปพรรณรีดร้อน","0.283247251","66.96409249"
"2022-08-01","2022","8","เหล็กและโลหะ","24109070","เหล็กโครงสร้างขึ้นรูปเย็น","0.069570356","86.78123425"
"2022-08-01","2022","8","ผลิตภัณฑ์โลหะแปรรูป","25949010","กระป๋องโลหะ","0.854641038","105.555487"
"2022-08-01","2022","8","ผลิตภัณฑ์โลหะแปรรูป","25951010","ลวดเชื่อม","0.405670664","85.60283555"
"2022-08-01","2022","8","ผลิตภัณฑ์โลหะแปรรูป","25952010","สกรู นอต และตะปู","0.449289205","108.7473747"
"2022-08-01","2022","8","ผลิตภัณฑ์โลหะแปรรูป","25952020","สปริง","0.023669901","107.6193231"
"2022-08-01","2022","8","ผลิตภัณฑ์โลหะแปรรูป","25992010","เครื่องครัวและเครื่องใช้โลหะ","0.227088934","82.90751653"
"2022-08-01","2022","8","อุปกรณ์ไฟฟ้า","27101010","มอเตอร์ไฟฟ้า","0.459952015","103.4919856"
"2022-08-01","2022","8","อุปกรณ์ไฟฟ้า","27102010","หม้อแปลงไฟฟ้า","0.220429572","105.2589732"
"2022-08-01","2022","8","อุปกรณ์ไฟฟ้า","27320010","สายไฟฟ้า","0.224009076","85.01827212"
"2022-08-01","2022","8","อุปกรณ์ไฟฟ้า","27320020","สายเคเบิล","0.16203404","95.41455432"
"2022-08-01","2022","8","เครื่องจักร","28110010","เครื่องยนต์ดีเซลเพื่อการเกษตร","0.186177876","66.11960474"
"2022-08-01","2022","8","เครื่องจักร","28191010","ชุดคอนเดนซิ่งเครื่องปรับอากาศ","1.411701472","84.94852994"
"2022-08-01","2022","8","เครื่องจักร","28191020","ชุดแฟนคอยล์เครื่องปรับอากาศ","0.977811884","91.04019503"
"2022-08-01","2022","8","เครื่องจักร","28191030","คอมเพรสเซอร์","0.556634387","115.9066495"
"2022-08-01","2022","8","เครื่องจักร","28191040","เครื่องปรับอากาศแบบหน้าต่าง","0.199945353","10.22880909"
"2022-09-01","2022","9","เหล็กและโลหะ","24102010","เหล็กแผ่นรีดร้อน","0.570217861","74.00321385"
"2022-09-01","2022","9","เหล็กและโลหะ","24102020","เหล็กแผ่นรีดเย็น","0.324853077","65.11467121"
"2022-09-01","2022","9","เหล็กและโลหะ","24102030","เหล็กแผ่นเคลือบสังกะสี","0.389212591","80.31322649"
"2022-09-01","2022","9","เหล็กและโลหะ","24102040","เหล็กแผ่นเคลือบดีบุก","0.045511445","92.90292567"
"2022-09-01","2022","9","เหล็กและโลหะ","24102050","เหล็กแผ่นเคลือบโครเมียม","0.043343601","90.41027292"
"2022-09-01","2022","9","เหล็กและโลหะ","24103010","ท่อเหล็ก","0.822579882","115.0160675"
"2022-09-01","2022","9","เหล็กและโลหะ","24109010","เหล็กเส้นกลม","0.088363944","100.3911254"
"2022-09-01","2022","9","เหล็กและโลหะ","24109020","เหล็กข้ออ้อย","0.289745853","116.6207651"
"2022-09-01","2022","9","เหล็กและโลหะ","24109030","เหล็กลวด","0.232286423","85.01839238"
"2022-09-01","2022","9","เหล็กและโลหะ","24109040","ลวดเหล็ก","0.165507535","77.93378877"
"2022-09-01","2022","9","เหล็กและโลหะ","24109050","ลวดเหล็กแรงดึงสูง","0.083421961","84.82708343"
"2022-09-01","2022","9","เหล็กและโลหะ","24109060","เหล็กรูปพรรณรีดร้อน","0.283247251","78.79321369"
"2022-09-01","2022","9","เหล็กและโลหะ","24109070","เหล็กโครงสร้างขึ้นรูปเย็น","0.069570356","82.26282601"
"2022-09-01","2022","9","ผลิตภัณฑ์โลหะแปรรูป","25949010","กระป๋องโลหะ","0.854641038","102.4253224"
"2022-09-01","2022","9","ผลิตภัณฑ์โลหะแปรรูป","25951010","ลวดเชื่อม","0.405670664","77.25109297"
"2022-09-01","2022","9","ผลิตภัณฑ์โลหะแปรรูป","25952010","สกรู นอต และตะปู","0.449289205","111.1250328"
"2022-09-01","2022","9","ผลิตภัณฑ์โลหะแปรรูป","25952020","สปริง","0.023669901","108.7754657"
"2022-09-01","2022","9","ผลิตภัณฑ์โลหะแปรรูป","25992010","เครื่องครัวและเครื่องใช้โลหะ","0.227088934","83.34319378"
"2022-09-01","2022","9","อุปกรณ์ไฟฟ้า","27101010","มอเตอร์ไฟฟ้า","0.459952015","102.8416053"
"2022-09-01","2022","9","อุปกรณ์ไฟฟ้า","27102010","หม้อแปลงไฟฟ้า","0.220429572","140.6292594"
"2022-09-01","2022","9","อุปกรณ์ไฟฟ้า","27320010","สายไฟฟ้า","0.224009076","91.04764177"
"2022-09-01","2022","9","อุปกรณ์ไฟฟ้า","27320020","สายเคเบิล","0.16203404","106.3824616"
"2022-09-01","2022","9","เครื่องจักร","28110010","เครื่องยนต์ดีเซลเพื่อการเกษตร","0.186177876","72.12840089"
"2022-09-01","2022","9","เครื่องจักร","28191010","ชุดคอนเดนซิ่งเครื่องปรับอากาศ","1.411701472","93.15352512"
"2022-09-01","2022","9","เครื่องจักร","28191020","ชุดแฟนคอยล์เครื่องปรับอากาศ","0.977811884","99.1066952"
"2022-09-01","2022","9","เครื่องจักร","28191030","คอมเพรสเซอร์","0.556634387","111.5369736"
"2022-09-01","2022","9","เครื่องจักร","28191040","เครื่องปรับอากาศแบบหน้าต่าง","0.199945353","22.71934656"
"2022-10-01","2022","10","เหล็กและโลหะ","24102010","เหล็กแผ่นรีดร้อน","0.570217861","92.35823406"
"2022-10-01","2022","10","เหล็กและโลหะ","24102020","เหล็กแผ่นรีดเย็น","0.324853077","66.40238773"
"2022-10-01","2022","10","เหล็กและโลหะ","24102030","เหล็กแผ่นเคลือบสังกะสี","0.389212591","79.30467411"
"2022-10-01","2022","10","เหล็กและโลหะ","24102040","เหล็กแผ่นเคลือบดีบุก","0.045511445","94.09697095"
"2022-10-01","2022","10","เหล็กและโลหะ","24102050","เหล็กแผ่นเคลือบโครเมียม","0.043343601","93.26465644"
"2022-10-01","2022","10","เหล็กและโลหะ","24103010","ท่อเหล็ก","0.822579882","89.91981956"
"2022-10-01","2022","10","เหล็กและโลหะ","24109010","เหล็กเส้นกลม","0.088363944","107.6188964"
"2022-10-01","2022","10","เหล็กและโลหะ","24109020","เหล็กข้ออ้อย","0.289745853","111.3930147"
"2022-10-01","2022","10","เหล็กและโลหะ","24109030","เหล็กลวด","0.232286423","87.48984485"
"2022-10-01","2022","10","เหล็กและโลหะ","24109040","ลวดเหล็ก","0.165507535","81.76101748"
"2022-10-01","2022","10","เหล็กและโลหะ","24109050","ลวดเหล็กแรงดึงสูง","0.083421961","90.66402343"
"2022-10-01","2022","10","เหล็กและโลหะ","24109060","เหล็กรูปพรรณรีดร้อน","0.283247251","87.78190245"
"2022-10-01","2022","10","เหล็กและโลหะ","24109070","เหล็กโครงสร้างขึ้นรูปเย็น","0.069570356","82.67158964"
"2022-10-01","2022","10","ผลิตภัณฑ์โลหะแปรรูป","25949010","กระป๋องโลหะ","0.854641038","98.57065677"
"2022-10-01","2022","10","ผลิตภัณฑ์โลหะแปรรูป","25951010","ลวดเชื่อม","0.405670664","68.08924571"
"2022-10-01","2022","10","ผลิตภัณฑ์โลหะแปรรูป","25952010","สกรู นอต และตะปู","0.449289205","91.95163695"
"2022-10-01","2022","10","ผลิตภัณฑ์โลหะแปรรูป","25952020","สปริง","0.023669901","85.76612565"
"2022-10-01","2022","10","ผลิตภัณฑ์โลหะแปรรูป","25992010","เครื่องครัวและเครื่องใช้โลหะ","0.227088934","62.37831163"
"2022-10-01","2022","10","อุปกรณ์ไฟฟ้า","27101010","มอเตอร์ไฟฟ้า","0.459952015","113.1462112"
"2022-10-01","2022","10","อุปกรณ์ไฟฟ้า","27102010","หม้อแปลงไฟฟ้า","0.220429572","160.1885507"
"2022-10-01","2022","10","อุปกรณ์ไฟฟ้า","27320010","สายไฟฟ้า","0.224009076","84.35702902"
"2022-10-01","2022","10","อุปกรณ์ไฟฟ้า","27320020","สายเคเบิล","0.16203404","106.9972623"
"2022-10-01","2022","10","เครื่องจักร","28110010","เครื่องยนต์ดีเซลเพื่อการเกษตร","0.186177876","71.62576395"
"2022-10-01","2022","10","เครื่องจักร","28191010","ชุดคอนเดนซิ่งเครื่องปรับอากาศ","1.411701472","82.5260468"
"2022-10-01","2022","10","เครื่องจักร","28191020","ชุดแฟนคอยล์เครื่องปรับอากาศ","0.977811884","85.92306545"
"2022-10-01","2022","10","เครื่องจักร","28191030","คอมเพรสเซอร์","0.556634387","119.3382165"
"2022-10-01","2022","10","เครื่องจักร","28191040","เครื่องปรับอากาศแบบหน้าต่าง","0.199945353","44.5947976"
"2022-11-01","2022","11","เหล็กและโลหะ","24102010","เหล็กแผ่นรีดร้อน","0.570217861","71.06889815"
"2022-11-01","2022","11","เหล็กและโลหะ","24102020","เหล็กแผ่นรีดเย็น","0.324853077","69.81189638"
"2022-11-01","2022","11","เหล็กและโลหะ","24102030","เหล็กแผ่นเคลือบสังกะสี","0.389212591","79.5711077"
"2022-11-01","2022","11","เหล็กและโลหะ","24102040","เหล็กแผ่นเคลือบดีบุก","0.045511445","83.36607051"
"2022-11-01","2022","11","เหล็กและโลหะ","24102050","เหล็กแผ่นเคลือบโครเมียม","0.043343601","95.50380942"
"2022-11-01","2022","11","เหล็กและโลหะ","24103010","ท่อเหล็ก","0.822579882","106.4281177"
"2022-11-01","2022","11","เหล็กและโลหะ","24109010","เหล็กเส้นกลม","0.088363944","100.1978751"
"2022-11-01","2022","11","เหล็กและโลหะ","24109020","เหล็กข้ออ้อย","0.289745853","120.8084809"
"2022-11-01","2022","11","เหล็กและโลหะ","24109030","เหล็กลวด","0.232286423","77.6468013"
"2022-11-01","2022","11","เหล็กและโลหะ","24109040","ลวดเหล็ก","0.165507535","75.58641844"
"2022-11-01","2022","11","เหล็กและโลหะ","24109050","ลวดเหล็กแรงดึงสูง","0.083421961","81.05166034"
"2022-11-01","2022","11","เหล็กและโลหะ","24109060","เหล็กรูปพรรณรีดร้อน","0.283247251","88.04323699"
"2022-11-01","2022","11","เหล็กและโลหะ","24109070","เหล็กโครงสร้างขึ้นรูปเย็น","0.069570356","98.91625149"
"2022-11-01","2022","11","ผลิตภัณฑ์โลหะแปรรูป","25949010","กระป๋องโลหะ","0.854641038","97.17154004"
"2022-11-01","2022","11","ผลิตภัณฑ์โลหะแปรรูป","25951010","ลวดเชื่อม","0.405670664","86.1338624"
"2022-11-01","2022","11","ผลิตภัณฑ์โลหะแปรรูป","25952010","สกรู นอต และตะปู","0.449289205","102.311731"
"2022-11-01","2022","11","ผลิตภัณฑ์โลหะแปรรูป","25952020","สปริง","0.023669901","98.64671896"
"2022-11-01","2022","11","ผลิตภัณฑ์โลหะแปรรูป","25992010","เครื่องครัวและเครื่องใช้โลหะ","0.227088934","68.14658086"
"2022-11-01","2022","11","อุปกรณ์ไฟฟ้า","27101010","มอเตอร์ไฟฟ้า","0.459952015","104.2494322"
"2022-11-01","2022","11","อุปกรณ์ไฟฟ้า","27102010","หม้อแปลงไฟฟ้า","0.220429572","111.9377556"
"2022-11-01","2022","11","อุปกรณ์ไฟฟ้า","27320010","สายไฟฟ้า","0.224009076","99.54145271"
"2022-11-01","2022","11","อุปกรณ์ไฟฟ้า","27320020","สายเคเบิล","0.16203404","125.4600244"
"2022-11-01","2022","11","เครื่องจักร","28110010","เครื่องยนต์ดีเซลเพื่อการเกษตร","0.186177876","69.77514613"
"2022-11-01","2022","11","เครื่องจักร","28191010","ชุดคอนเดนซิ่งเครื่องปรับอากาศ","1.411701472","92.01513014"
"2022-11-01","2022","11","เครื่องจักร","28191020","ชุดแฟนคอยล์เครื่องปรับอากาศ","0.977811884","97.0497833"
"2022-11-01","2022","11","เครื่องจักร","28191030","คอมเพรสเซอร์","0.556634387","116.1441842"
"2022-11-01","2022","11","เครื่องจักร","28191040","เครื่องปรับอากาศแบบหน้าต่าง","0.199945353","139.0408457"
"2022-12-01","2022","12","เหล็กและโลหะ","24102010","เหล็กแผ่นรีดร้อน","0.570217861","72.96297104"
"2022-12-01","2022","12","เหล็กและโลหะ","24102020","เหล็กแผ่นรีดเย็น","0.324853077","58.43661771"
"2022-12-01","2022","12","เหล็กและโลหะ","24102030","เหล็กแผ่นเคลือบสังกะสี","0.389212591","74.29245398"
"2022-12-01","2022","12","เหล็กและโลหะ","24102040","เหล็กแผ่นเคลือบดีบุก","0.045511445","82.83107619"
"2022-12-01","2022","12","เหล็กและโลหะ","24102050","เหล็กแผ่นเคลือบโครเมียม","0.043343601","122.4022606"
"2022-12-01","2022","12","เหล็กและโลหะ","24103010","ท่อเหล็ก","0.822579882","100.9165359"
"2022-12-01","2022","12","เหล็กและโลหะ","24109010","เหล็กเส้นกลม","0.088363944","83.82880627"
"2022-12-01","2022","12","เหล็กและโลหะ","24109020","เหล็กข้ออ้อย","0.289745853","109.8662303"
"2022-12-01","2022","12","เหล็กและโลหะ","24109030","เหล็กลวด","0.232286423","60.66722083"
"2022-12-01","2022","12","เหล็กและโลหะ","24109040","ลวดเหล็ก","0.165507535","73.24048704"
"2022-12-01","2022","12","เหล็กและโลหะ","24109050","ลวดเหล็กแรงดึงสูง","0.083421961","73.75622489"
"2022-12-01","2022","12","เหล็กและโลหะ","24109060","เหล็กรูปพรรณรีดร้อน","0.283247251","77.46783215"
"2022-12-01","2022","12","เหล็กและโลหะ","24109070","เหล็กโครงสร้างขึ้นรูปเย็น","0.069570356","78.81314004"
"2022-12-01","2022","12","ผลิตภัณฑ์โลหะแปรรูป","25949010","กระป๋องโลหะ","0.854641038","86.38047413"
"2022-12-01","2022","12","ผลิตภัณฑ์โลหะแปรรูป","25951010","ลวดเชื่อม","0.405670664","73.59467974"
"2022-12-01","2022","12","ผลิตภัณฑ์โลหะแปรรูป","25952010","สกรู นอต และตะปู","0.449289205","82.5368016"
"2022-12-01","2022","12","ผลิตภัณฑ์โลหะแปรรูป","25952020","สปริง","0.023669901","85.29734084"
"2022-12-01","2022","12","ผลิตภัณฑ์โลหะแปรรูป","25992010","เครื่องครัวและเครื่องใช้โลหะ","0.227088934","43.97873469"
"2022-12-01","2022","12","อุปกรณ์ไฟฟ้า","27101010","มอเตอร์ไฟฟ้า","0.459952015","72.45633386"
"2022-12-01","2022","12","อุปกรณ์ไฟฟ้า","27102010","หม้อแปลงไฟฟ้า","0.220429572","112.6533394"
"2022-12-01","2022","12","อุปกรณ์ไฟฟ้า","27320010","สายไฟฟ้า","0.224009076","90.78998543"
"2022-12-01","2022","12","อุปกรณ์ไฟฟ้า","27320020","สายเคเบิล","0.16203404","90.95850629"
"2022-12-01","2022","12","เครื่องจักร","28110010","เครื่องยนต์ดีเซลเพื่อการเกษตร","0.186177876","45.305866"
"2022-12-01","2022","12","เครื่องจักร","28191010","ชุดคอนเดนซิ่งเครื่องปรับอากาศ","1.411701472","75.82822243"
"2022-12-01","2022","12","เครื่องจักร","28191020","ชุดแฟนคอยล์เครื่องปรับอากาศ","0.977811884","72.69779819"
"2022-12-01","2022","12","เครื่องจักร","28191030","คอมเพรสเซอร์","0.556634387","86.56203803"
"2022-12-01","2022","12","เครื่องจักร","28191040","เครื่องปรับอากาศแบบหน้าต่าง","0.199945353","182.8730445"
"2023-01-01","2023","1","เหล็กและโลหะ","24102010","เหล็กแผ่นรีดร้อน","0.570217861","72.86694831"
"2023-01-01","2023","1","เหล็กและโลหะ","24102020","เหล็กแผ่นรีดเย็น","0.324853077","58.98480383"
"2023-01-01","2023","1","เหล็กและโลหะ","24102030","เหล็กแผ่นเคลือบสังกะสี","0.389212591","73.67601658"
"2023-01-01","2023","1","เหล็กและโลหะ","24102040","เหล็กแผ่นเคลือบดีบุก","0.045511445","82.97839347"
"2023-01-01","2023","1","เหล็กและโลหะ","24102050","เหล็กแผ่นเคลือบโครเมียม","0.043343601","82.39081447"
"2023-01-01","2023","1","เหล็กและโลหะ","24103010","ท่อเหล็ก","0.822579882","115.6577034"
"2023-01-01","2023","1","เหล็กและโลหะ","24109010","เหล็กเส้นกลม","0.088363944","104.781564"
"2023-01-01","2023","1","เหล็กและโลหะ","24109020","เหล็กข้ออ้อย","0.289745853","100.180625"
"2023-01-01","2023","1","เหล็กและโลหะ","24109030","เหล็กลวด","0.232286423","79.14367789"
"2023-01-01","2023","1","เหล็กและโลหะ","24109040","ลวดเหล็ก","0.165507535","84.84432782"
"2023-01-01","2023","1","เหล็กและโลหะ","24109050","ลวดเหล็กแรงดึงสูง","0.083421961","84.9409275"
"2023-01-01","2023","1","เหล็กและโลหะ","24109060","เหล็กรูปพรรณรีดร้อน","0.283247251","86.2008683"
"2023-01-01","2023","1","เหล็กและโลหะ","24109070","เหล็กโครงสร้างขึ้นรูปเย็น","0.069570356","105.0362343"
"2023-01-01","2023","1","ผลิตภัณฑ์โลหะแปรรูป","25949010","กระป๋องโลหะ","0.854641038","91.27187003"
"2023-01-01","2023","1","ผลิตภัณฑ์โลหะแปรรูป","25951010","ลวดเชื่อม","0.405670664","83.8608068"
"2023-01-01","2023","1","ผลิตภัณฑ์โลหะแปรรูป","25952010","สกรู นอต และตะปู","0.449289205","90.59639397"
"2023-01-01","2023","1","ผลิตภัณฑ์โลหะแปรรูป","25952020","สปริง","0.023669901","101.0783138"
"2023-01-01","2023","1","ผลิตภัณฑ์โลหะแปรรูป","25992010","เครื่องครัวและเครื่องใช้โลหะ","0.227088934","56.64247532"
"2023-01-01","2023","1","อุปกรณ์ไฟฟ้า","27101010","มอเตอร์ไฟฟ้า","0.459952015","94.0427126"
"2023-01-01","2023","1","อุปกรณ์ไฟฟ้า","27102010","หม้อแปลงไฟฟ้า","0.220429572","78.81644707"
"2023-01-01","2023","1","อุปกรณ์ไฟฟ้า","27320010","สายไฟฟ้า","0.224009076","78.78209066"
"2023-01-01","2023","1","อุปกรณ์ไฟฟ้า","27320020","สายเคเบิล","0.16203404","98.72419332"
"2023-01-01","2023","1","เครื่องจักร","28110010","เครื่องยนต์ดีเซลเพื่อการเกษตร","0.186177876","88.87534985"
"2023-01-01","2023","1","เครื่องจักร","28191010","ชุดคอนเดนซิ่งเครื่องปรับอากาศ","1.411701472","99.78133552"
"2023-01-01","2023","1","เครื่องจักร","28191020","ชุดแฟนคอยล์เครื่องปรับอากาศ","0.977811884","94.16738669"
"2023-01-01","2023","1","เครื่องจักร","28191030","คอมเพรสเซอร์","0.556634387","113.1362863"
"2023-01-01","2023","1","เครื่องจักร","28191040","เครื่องปรับอากาศแบบหน้าต่าง","0.199945353","214.661838"
"2023-02-01","2023","2","เหล็กและโลหะ","24102010","เหล็กแผ่นรีดร้อน","0.570217861","86.00113696"
"2023-02-01","2023","2","เหล็กและโลหะ","24102020","เหล็กแผ่นรีดเย็น","0.324853077","63.95798024"
"2023-02-01","2023","2","เหล็กและโลหะ","24102030","เหล็กแผ่นเคลือบสังกะสี","0.389212591","82.67617865"
"2023-02-01","2023","2","เหล็กและโลหะ","24102040","เหล็กแผ่นเคลือบดีบุก","0.045511445","75.05427479"
"2023-02-01","2023","2","เหล็กและโลหะ","24102050","เหล็กแผ่นเคลือบโครเมียม","0.043343601","66.95997425"
"2023-02-01","2023","2","เหล็กและโลหะ","24103010","ท่อเหล็ก","0.822579882","120.382511"
"2023-02-01","2023","2","เหล็กและโลหะ","24109010","เหล็กเส้นกลม","0.088363944","109.6202479"
"2023-02-01","2023","2","เหล็กและโลหะ","24109020","เหล็กข้ออ้อย","0.289745853","136.8249483"
"2023-02-01","2023","2","เหล็กและโลหะ","24109030","เหล็กลวด","0.232286423","83.61901104"
"2023-02-01","2023","2","เหล็กและโลหะ","24109040","ลวดเหล็ก","0.165507535","80.98360867"
"2023-02-01","2023","2","เหล็กและโลหะ","24109050","ลวดเหล็กแรงดึงสูง","0.083421961","88.46088583"
"2023-02-01","2023","2","เหล็กและโลหะ","24109060","เหล็กรูปพรรณรีดร้อน","0.283247251","78.99224612"
"2023-02-01","2023","2","เหล็กและโลหะ","24109070","เหล็กโครงสร้างขึ้นรูปเย็น","0.069570356","96.1712969"
"2023-02-01","2023","2","ผลิตภัณฑ์โลหะแปรรูป","25949010","กระป๋องโลหะ","0.854641038","88.03962906"
"2023-02-01","2023","2","ผลิตภัณฑ์โลหะแปรรูป","25951010","ลวดเชื่อม","0.405670664","78.12029491"
"2023-02-01","2023","2","ผลิตภัณฑ์โลหะแปรรูป","25952010","สกรู นอต และตะปู","0.449289205","88.73589091"
"2023-02-01","2023","2","ผลิตภัณฑ์โลหะแปรรูป","25952020","สปริง","0.023669901","96.5575955"
"2023-02-01","2023","2","ผลิตภัณฑ์โลหะแปรรูป","25992010","เครื่องครัวและเครื่องใช้โลหะ","0.227088934","46.77584058"
"2023-02-01","2023","2","อุปกรณ์ไฟฟ้า","27101010","มอเตอร์ไฟฟ้า","0.459952015","94.86242324"
"2023-02-01","2023","2","อุปกรณ์ไฟฟ้า","27102010","หม้อแปลงไฟฟ้า","0.220429572","76.56746933"
"2023-02-01","2023","2","อุปกรณ์ไฟฟ้า","27320010","สายไฟฟ้า","0.224009076","74.98037203"
"2023-02-01","2023","2","อุปกรณ์ไฟฟ้า","27320020","สายเคเบิล","0.16203404","113.4771246"
"2023-02-01","2023","2","เครื่องจักร","28110010","เครื่องยนต์ดีเซลเพื่อการเกษตร","0.186177876","111.7910249"
"2023-02-01","2023","2","เครื่องจักร","28191010","ชุดคอนเดนซิ่งเครื่องปรับอากาศ","1.411701472","120.4513816"
"2023-02-01","2023","2","เครื่องจักร","28191020","ชุดแฟนคอยล์เครื่องปรับอากาศ","0.977811884","111.6122948"
"2023-02-01","2023","2","เครื่องจักร","28191030","คอมเพรสเซอร์","0.556634387","111.2401646"
"2023-02-01","2023","2","เครื่องจักร","28191040","เครื่องปรับอากาศแบบหน้าต่าง","0.199945353","198.1042542"
"2023-03-01","2023","3","เหล็กและโลหะ","24102010","เหล็กแผ่นรีดร้อน","0.570217861","81.22890695"
"2023-03-01","2023","3","เหล็กและโลหะ","24102020","เหล็กแผ่นรีดเย็น","0.324853077","72.86317395"
"2023-03-01","2023","3","เหล็กและโลหะ","24102030","เหล็กแผ่นเคลือบสังกะสี","0.389212591","82.1960759"
"2023-03-01","2023","3","เหล็กและโลหะ","24102040","เหล็กแผ่นเคลือบดีบุก","0.045511445","67.88224956"
"2023-03-01","2023","3","เหล็กและโลหะ","24102050","เหล็กแผ่นเคลือบโครเมียม","0.043343601","110.4839575"
"2023-03-01","2023","3","เหล็กและโลหะ","24103010","ท่อเหล็ก","0.822579882","132.9390977"
"2023-03-01","2023","3","เหล็กและโลหะ","24109010","เหล็กเส้นกลม","0.088363944","119.3428153"
"2023-03-01","2023","3","เหล็กและโลหะ","24109020","เหล็กข้ออ้อย","0.289745853","140.0242715"
"2023-03-01","2023","3","เหล็กและโลหะ","24109030","เหล็กลวด","0.232286423","80.46052832"
"2023-03-01","2023","3","เหล็กและโลหะ","24109040","ลวดเหล็ก","0.165507535","89.58498441"
"2023-03-01","2023","3","เหล็กและโลหะ","24109050","ลวดเหล็กแรงดึงสูง","0.083421961","101.6844347"
"2023-03-01","2023","3","เหล็กและโลหะ","24109060","เหล็กรูปพรรณรีดร้อน","0.283247251","94.05617482"
"2023-03-01","2023","3","เหล็กและโลหะ","24109070","เหล็กโครงสร้างขึ้นรูปเย็น","0.069570356","92.46577973"
"2023-03-01","2023","3","ผลิตภัณฑ์โลหะแปรรูป","25949010","กระป๋องโลหะ","0.854641038","97.33304298"
"2023-03-01","2023","3","ผลิตภัณฑ์โลหะแปรรูป","25951010","ลวดเชื่อม","0.405670664","100.6573629"
"2023-03-01","2023","3","ผลิตภัณฑ์โลหะแปรรูป","25952010","สกรู นอต และตะปู","0.449289205","92.69683071"
"2023-03-01","2023","3","ผลิตภัณฑ์โลหะแปรรูป","25952020","สปริง","0.023669901","102.9751895"
"2023-03-01","2023","3","ผลิตภัณฑ์โลหะแปรรูป","25992010","เครื่องครัวและเครื่องใช้โลหะ","0.227088934","47.67039258"
"2023-03-01","2023","3","อุปกรณ์ไฟฟ้า","27101010","มอเตอร์ไฟฟ้า","0.459952015","100.3270943"
"2023-03-01","2023","3","อุปกรณ์ไฟฟ้า","27102010","หม้อแปลงไฟฟ้า","0.220429572","96.43343935"
"2023-03-01","2023","3","อุปกรณ์ไฟฟ้า","27320010","สายไฟฟ้า","0.224009076","89.033934"
"2023-03-01","2023","3","อุปกรณ์ไฟฟ้า","27320020","สายเคเบิล","0.16203404","125.6060682"
"2023-03-01","2023","3","เครื่องจักร","28110010","เครื่องยนต์ดีเซลเพื่อการเกษตร","0.186177876","146.5415151"
"2023-03-01","2023","3","เครื่องจักร","28191010","ชุดคอนเดนซิ่งเครื่องปรับอากาศ","1.411701472","143.1008454"
"2023-03-01","2023","3","เครื่องจักร","28191020","ชุดแฟนคอยล์เครื่องปรับอากาศ","0.977811884","130.5182419"
"2023-03-01","2023","3","เครื่องจักร","28191030","คอมเพรสเซอร์","0.556634387","121.2220897"
"2023-03-01","2023","3","เครื่องจักร","28191040","เครื่องปรับอากาศแบบหน้าต่าง","0.199945353","183.2680407"
"2023-04-01","2023","4","เหล็กและโลหะ","24102010","เหล็กแผ่นรีดร้อน","0.570217861","65.37191356"
"2023-04-01","2023","4","เหล็กและโลหะ","24102020","เหล็กแผ่นรีดเย็น","0.324853077","57.84690052"
"2023-04-01","2023","4","เหล็กและโลหะ","24102030","เหล็กแผ่นเคลือบสังกะสี","0.389212591","81.99348628"
"2023-04-01","2023","4","เหล็กและโลหะ","24102040","เหล็กแผ่นเคลือบดีบุก","0.045511445","62.46252455"
"2023-04-01","2023","4","เหล็กและโลหะ","24102050","เหล็กแผ่นเคลือบโครเมียม","0.043343601","68.76274278"
"2023-04-01","2023","4","เหล็กและโลหะ","24103010","ท่อเหล็ก","0.822579882","94.83763397"
"2023-04-01","2023","4","เหล็กและโลหะ","24109010","เหล็กเส้นกลม","0.088363944","107.7843025"
"2023-04-01","2023","4","เหล็กและโลหะ","24109020","เหล็กข้ออ้อย","0.289745853","105.4363134"
"2023-04-01","2023","4","เหล็กและโลหะ","24109030","เหล็กลวด","0.232286423","61.20366622"
"2023-04-01","2023","4","เหล็กและโลหะ","24109040","ลวดเหล็ก","0.165507535","75.17118983"
"2023-04-01","2023","4","เหล็กและโลหะ","24109050","ลวดเหล็กแรงดึงสูง","0.083421961","76.46862154"
"2023-04-01","2023","4","เหล็กและโลหะ","24109060","เหล็กรูปพรรณรีดร้อน","0.283247251","76.8334991"
"2023-04-01","2023","4","เหล็กและโลหะ","24109070","เหล็กโครงสร้างขึ้นรูปเย็น","0.069570356","67.01113629"
"2023-04-01","2023","4","ผลิตภัณฑ์โลหะแปรรูป","25949010","กระป๋องโลหะ","0.854641038","82.03670185"
"2023-04-01","2023","4","ผลิตภัณฑ์โลหะแปรรูป","25951010","ลวดเชื่อม","0.405670664","82.20727931"
"2023-04-01","2023","4","ผลิตภัณฑ์โลหะแปรรูป","25952010","สกรู นอต และตะปู","0.449289205","79.1648502"
"2023-04-01","2023","4","ผลิตภัณฑ์โลหะแปรรูป","25952020","สปริง","0.023669901","72.24913461"
"2023-04-01","2023","4","ผลิตภัณฑ์โลหะแปรรูป","25992010","เครื่องครัวและเครื่องใช้โลหะ","0.227088934","45.50074078"
"2023-04-01","2023","4","อุปกรณ์ไฟฟ้า","27101010","มอเตอร์ไฟฟ้า","0.459952015","78.31404696"
"2023-04-01","2023","4","อุปกรณ์ไฟฟ้า","27102010","หม้อแปลงไฟฟ้า","0.220429572","56.56519764"
"2023-04-01","2023","4","อุปกรณ์ไฟฟ้า","27320010","สายไฟฟ้า","0.224009076","59.08676609"
"2023-04-01","2023","4","อุปกรณ์ไฟฟ้า","27320020","สายเคเบิล","0.16203404","78.18573609"
"2023-04-01","2023","4","เครื่องจักร","28110010","เครื่องยนต์ดีเซลเพื่อการเกษตร","0.186177876","90.38326067"
"2023-04-01","2023","4","เครื่องจักร","28191010","ชุดคอนเดนซิ่งเครื่องปรับอากาศ","1.411701472","101.5653555"
"2023-04-01","2023","4","เครื่องจักร","28191020","ชุดแฟนคอยล์เครื่องปรับอากาศ","0.977811884","95.78314586"
"2023-04-01","2023","4","เครื่องจักร","28191030","คอมเพรสเซอร์","0.556634387","98.28883705"
"2023-04-01","2023","4","เครื่องจักร","28191040","เครื่องปรับอากาศแบบหน้าต่าง","0.199945353","84.57379594"
"2023-05-01","2023","5","เหล็กและโลหะ","24102010","เหล็กแผ่นรีดร้อน","0.570217861","53.54861411"
"2023-05-01","2023","5","เหล็กและโลหะ","24102020","เหล็กแผ่นรีดเย็น","0.324853077","67.2311549"
"2023-05-01","2023","5","เหล็กและโลหะ","24102030","เหล็กแผ่นเคลือบสังกะสี","0.389212591","93.40020092"
"2023-05-01","2023","5","เหล็กและโลหะ","24102040","เหล็กแผ่นเคลือบดีบุก","0.045511445","76.70577897"
"2023-05-01","2023","5","เหล็กและโลหะ","24102050","เหล็กแผ่นเคลือบโครเมียม","0.043343601","65.3861287"
"2023-05-01","2023","5","เหล็กและโลหะ","24103010","ท่อเหล็ก","0.822579882","107.3808839"
"2023-05-01","2023","5","เหล็กและโลหะ","24109010","เหล็กเส้นกลม","0.088363944","86.75315264"
"2023-05-01","2023","5","เหล็กและโลหะ","24109020","เหล็กข้ออ้อย","0.289745853","107.7717607"
"2023-05-01","2023","5","เหล็กและโลหะ","24109030","เหล็กลวด","0.232286423","82.98165884"
"2023-05-01","2023","5","เหล็กและโลหะ","24109040","ลวดเหล็ก","0.165507535","86.85482587"
"2023-05-01","2023","5","เหล็กและโลหะ","24109050","ลวดเหล็กแรงดึงสูง","0.083421961","86.26930643"
"2023-05-01","2023","5","เหล็กและโลหะ","24109060","เหล็กรูปพรรณรีดร้อน","0.283247251","71.92654722"
"2023-05-01","2023","5","เหล็กและโลหะ","24109070","เหล็กโครงสร้างขึ้นรูปเย็น","0.069570356","78.49314736"
"2023-05-01","2023","5","ผลิตภัณฑ์โลหะแปรรูป","25949010","กระป๋องโลหะ","0.854641038","91.50972047"
"2023-05-01","2023","5","ผลิตภัณฑ์โลหะแปรรูป","25951010","ลวดเชื่อม","0.405670664","114.7624201"
"2023-05-01","2023","5","ผลิตภัณฑ์โลหะแปรรูป","25952010","สกรู นอต และตะปู","0.449289205","90.43527743"
"2023-05-01","2023","5","ผลิตภัณฑ์โลหะแปรรูป","25952020","สปริง","0.023669901","85.21039466"
"2023-05-01","2023","5","ผลิตภัณฑ์โลหะแปรรูป","25992010","เครื่องครัวและเครื่องใช้โลหะ","0.227088934","56.58677956"
"2023-05-01","2023","5","อุปกรณ์ไฟฟ้า","27101010","มอเตอร์ไฟฟ้า","0.459952015","82.21922229"
"2023-05-01","2023","5","อุปกรณ์ไฟฟ้า","27102010","หม้อแปลงไฟฟ้า","0.220429572","103.861881"
"2023-05-01","2023","5","อุปกรณ์ไฟฟ้า","27320010","สายไฟฟ้า","0.224009076","77.65307782"
"2023-05-01","2023","5","อุปกรณ์ไฟฟ้า","27320020","สายเคเบิล","0.16203404","89.98533849"
"2023-05-01","2023","5","เครื่องจักร","28110010","เครื่องยนต์ดีเซลเพื่อการเกษตร","0.186177876","98.19698037"
"2023-05-01","2023","5","เครื่องจักร","28191010","ชุดคอนเดนซิ่งเครื่องปรับอากาศ","1.411701472","138.1965543"
"2023-05-01","2023","5","เครื่องจักร","28191020","ชุดแฟนคอยล์เครื่องปรับอากาศ","0.977811884","129.6001673"
"2023-05-01","2023","5","เครื่องจักร","28191030","คอมเพรสเซอร์","0.556634387","109.8770742"
"2023-05-01","2023","5","เครื่องจักร","28191040","เครื่องปรับอากาศแบบหน้าต่าง","0.199945353","53.78044578"
"2023-06-01","2023","6","เหล็กและโลหะ","24102010","เหล็กแผ่นรีดร้อน","0.570217861","76.45761855"
"2023-06-01","2023","6","เหล็กและโลหะ","24102020","เหล็กแผ่นรีดเย็น","0.324853077","64.06261617"
"2023-06-01","2023","6","เหล็กและโลหะ","24102030","เหล็กแผ่นเคลือบสังกะสี","0.389212591","89.43571603"
"2023-06-01","2023","6","เหล็กและโลหะ","24102040","เหล็กแผ่นเคลือบดีบุก","0.045511445","66.96733175"
"2023-06-01","2023","6","เหล็กและโลหะ","24102050","เหล็กแผ่นเคลือบโครเมียม","0.043343601","100.0035769"
"2023-06-01","2023","6","เหล็กและโลหะ","24103010","ท่อเหล็ก","0.822579882","79.38419135"
"2023-06-01","2023","6","เหล็กและโลหะ","24109010","เหล็กเส้นกลม","0.088363944","123.2923197"
"2023-06-01","2023","6","เหล็กและโลหะ","24109020","เหล็กข้ออ้อย","0.289745853","121.8384081"
"2023-06-01","2023","6","เหล็กและโลหะ","24109030","เหล็กลวด","0.232286423","67.69562908"
"2023-06-01","2023","6","เหล็กและโลหะ","24109040","ลวดเหล็ก","0.165507535","82.57286566"
"2023-06-01","2023","6","เหล็กและโลหะ","24109050","ลวดเหล็กแรงดึงสูง","0.083421961","91.77619589"
"2023-06-01","2023","6","เหล็กและโลหะ","24109060","เหล็กรูปพรรณรีดร้อน","0.283247251","72.92028888"
"2023-06-01","2023","6","เหล็กและโลหะ","24109070","เหล็กโครงสร้างขึ้นรูปเย็น","0.069570356","69.81116994"
"2023-06-01","2023","6","ผลิตภัณฑ์โลหะแปรรูป","25949010","กระป๋องโลหะ","0.854641038","92.21157918"
"2023-06-01","2023","6","ผลิตภัณฑ์โลหะแปรรูป","25951010","ลวดเชื่อม","0.405670664","96.56160548"
"2023-06-01","2023","6","ผลิตภัณฑ์โลหะแปรรูป","25952010","สกรู นอต และตะปู","0.449289205","95.73328303"
"2023-06-01","2023","6","ผลิตภัณฑ์โลหะแปรรูป","25952020","สปริง","0.023669901","79.37413243"
"2023-06-01","2023","6","ผลิตภัณฑ์โลหะแปรรูป","25992010","เครื่องครัวและเครื่องใช้โลหะ","0.227088934","56.9356568"
"2023-06-01","2023","6","อุปกรณ์ไฟฟ้า","27101010","มอเตอร์ไฟฟ้า","0.459952015","78.58705102"
"2023-06-01","2023","6","อุปกรณ์ไฟฟ้า","27102010","หม้อแปลงไฟฟ้า","0.220429572","97.08087233"
"2023-06-01","2023","6","อุปกรณ์ไฟฟ้า","27320010","สายไฟฟ้า","0.224009076","90.3385916"
"2023-06-01","2023","6","อุปกรณ์ไฟฟ้า","27320020","สายเคเบิล","0.16203404","71.87020163"
"2023-06-01","2023","6","เครื่องจักร","28110010","เครื่องยนต์ดีเซลเพื่อการเกษตร","0.186177876","91.20575748"
"2023-06-01","2023","6","เครื่องจักร","28191010","ชุดคอนเดนซิ่งเครื่องปรับอากาศ","1.411701472","119.8964007"
"2023-06-01","2023","6","เครื่องจักร","28191020","ชุดแฟนคอยล์เครื่องปรับอากาศ","0.977811884","109.7296643"
"2023-06-01","2023","6","เครื่องจักร","28191030","คอมเพรสเซอร์","0.556634387","98.513467"
"2023-06-01","2023","6","เครื่องจักร","28191040","เครื่องปรับอากาศแบบหน้าต่าง","0.199945353","33.24020536"
"2023-07-01","2023","7","เหล็กและโลหะ","24102010","เหล็กแผ่นรีดร้อน","0.570217861","81.03581008"
"2023-07-01","2023","7","เหล็กและโลหะ","24102020","เหล็กแผ่นรีดเย็น","0.324853077","53.7376739"
"2023-07-01","2023","7","เหล็กและโลหะ","24102030","เหล็กแผ่นเคลือบสังกะสี","0.389212591","84.07385558"
"2023-07-01","2023","7","เหล็กและโลหะ","24102040","เหล็กแผ่นเคลือบดีบุก","0.045511445","64.00547917"
"2023-07-01","2023","7","เหล็กและโลหะ","24102050","เหล็กแผ่นเคลือบโครเมียม","0.043343601","84.07912151"
"2023-07-01","2023","7","เหล็กและโลหะ","24103010","ท่อเหล็ก","0.822579882","109.8866259"
"2023-07-01","2023","7","เหล็กและโลหะ","24109010","เหล็กเส้นกลม","0.088363944","120.0936623"
"2023-07-01","2023","7","เหล็กและโลหะ","24109020","เหล็กข้ออ้อย","0.289745853","131.4999066"
"2023-07-01","2023","7","เหล็กและโลหะ","24109030","เหล็กลวด","0.232286423","79.23081662"
"2023-07-01","2023","7","เหล็กและโลหะ","24109040","ลวดเหล็ก","0.165507535","73.7049567"
"2023-07-01","2023","7","เหล็กและโลหะ","24109050","ลวดเหล็กแรงดึงสูง","0.083421961","89.48758968"
"2023-07-01","2023","7","เหล็กและโลหะ","24109060","เหล็กรูปพรรณรีดร้อน","0.283247251","89.2168432"
"2023-07-01","2023","7","เหล็กและโลหะ","24109070","เหล็กโครงสร้างขึ้นรูปเย็น","0.069570356","70.02774872"
"2023-07-01","2023","7","ผลิตภัณฑ์โลหะแปรรูป","25949010","กระป๋องโลหะ","0.854641038","85.60108257"
"2023-07-01","2023","7","ผลิตภัณฑ์โลหะแปรรูป","25951010","ลวดเชื่อม","0.405670664","77.80329071"
"2023-07-01","2023","7","ผลิตภัณฑ์โลหะแปรรูป","25952010","สกรู นอต และตะปู","0.449289205","89.79695831"
"2023-07-01","2023","7","ผลิตภัณฑ์โลหะแปรรูป","25952020","สปริง","0.023669901","73.92043338"
"2023-07-01","2023","7","ผลิตภัณฑ์โลหะแปรรูป","25992010","เครื่องครัวและเครื่องใช้โลหะ","0.227088934","58.26851074"
"2023-07-01","2023","7","อุปกรณ์ไฟฟ้า","27101010","มอเตอร์ไฟฟ้า","0.459952015","68.2746621"
"2023-07-01","2023","7","อุปกรณ์ไฟฟ้า","27102010","หม้อแปลงไฟฟ้า","0.220429572","80.31576556"
"2023-07-01","2023","7","อุปกรณ์ไฟฟ้า","27320010","สายไฟฟ้า","0.224009076","90.20798057"
"2023-07-01","2023","7","อุปกรณ์ไฟฟ้า","27320020","สายเคเบิล","0.16203404","76.30682288"
"2023-07-01","2023","7","เครื่องจักร","28110010","เครื่องยนต์ดีเซลเพื่อการเกษตร","0.186177876","74.87005693"
"2023-07-01","2023","7","เครื่องจักร","28191010","ชุดคอนเดนซิ่งเครื่องปรับอากาศ","1.411701472","77.37462245"
"2023-07-01","2023","7","เครื่องจักร","28191020","ชุดแฟนคอยล์เครื่องปรับอากาศ","0.977811884","82.41973891"
"2023-07-01","2023","7","เครื่องจักร","28191030","คอมเพรสเซอร์","0.556634387","77.16345083"
"2023-07-01","2023","7","เครื่องจักร","28191040","เครื่องปรับอากาศแบบหน้าต่าง","0.199945353","54.49311776"
"2023-08-01","2023","8","เหล็กและโลหะ","24102010","เหล็กแผ่นรีดร้อน","0.570217861","76.43328457"
"2023-08-01","2023","8","เหล็กและโลหะ","24102020","เหล็กแผ่นรีดเย็น","0.324853077","65.37327589"
"2023-08-01","2023","8","เหล็กและโลหะ","24102030","เหล็กแผ่นเคลือบสังกะสี","0.389212591","85.31265411"
"2023-08-01","2023","8","เหล็กและโลหะ","24102040","เหล็กแผ่นเคลือบดีบุก","0.045511445","55.15868913"
"2023-08-01","2023","8","เหล็กและโลหะ","24102050","เหล็กแผ่นเคลือบโครเมียม","0.043343601","67.14597417"
"2023-08-01","2023","8","เหล็กและโลหะ","24103010","ท่อเหล็ก","0.822579882","105.2783756"
"2023-08-01","2023","8","เหล็กและโลหะ","24109010","เหล็กเส้นกลม","0.088363944","125.5742102"
"2023-08-01","2023","8","เหล็กและโลหะ","24109020","เหล็กข้ออ้อย","0.289745853","125.0023825"
"2023-08-01","2023","8","เหล็กและโลหะ","24109030","เหล็กลวด","0.232286423","57.49591155"
"2023-08-01","2023","8","เหล็กและโลหะ","24109040","ลวดเหล็ก","0.165507535","78.20420325"
"2023-08-01","2023","8","เหล็กและโลหะ","24109050","ลวดเหล็กแรงดึงสูง","0.083421961","85.96821219"
"2023-08-01","2023","8","เหล็กและโลหะ","24109060","เหล็กรูปพรรณรีดร้อน","0.283247251","89.95176216"
"2023-08-01","2023","8","เหล็กและโลหะ","24109070","เหล็กโครงสร้างขึ้นรูปเย็น","0.069570356","90.545641"
"2023-08-01","2023","8","ผลิตภัณฑ์โลหะแปรรูป","25949010","กระป๋องโลหะ","0.854641038","89.69357091"
"2023-08-01","2023","8","ผลิตภัณฑ์โลหะแปรรูป","25951010","ลวดเชื่อม","0.405670664","77.70017421"
"2023-08-01","2023","8","ผลิตภัณฑ์โลหะแปรรูป","25952010","สกรู นอต และตะปู","0.449289205","90.06981561"
"2023-08-01","2023","8","ผลิตภัณฑ์โลหะแปรรูป","25952020","สปริง","0.023669901","68.17763829"
"2023-08-01","2023","8","ผลิตภัณฑ์โลหะแปรรูป","25992010","เครื่องครัวและเครื่องใช้โลหะ","0.227088934","58.83837406"
"2023-08-01","2023","8","อุปกรณ์ไฟฟ้า","27101010","มอเตอร์ไฟฟ้า","0.459952015","66.82163394"
"2023-08-01","2023","8","อุปกรณ์ไฟฟ้า","27102010","หม้อแปลงไฟฟ้า","0.220429572","111.1199455"
"2023-08-01","2023","8","อุปกรณ์ไฟฟ้า","27320010","สายไฟฟ้า","0.224009076","101.0607139"
"2023-08-01","2023","8","อุปกรณ์ไฟฟ้า","27320020","สายเคเบิล","0.16203404","77.02789953"
"2023-08-01","2023","8","เครื่องจักร","28110010","เครื่องยนต์ดีเซลเพื่อการเกษตร","0.186177876","49.44119719"
"2023-08-01","2023","8","เครื่องจักร","28191010","ชุดคอนเดนซิ่งเครื่องปรับอากาศ","1.411701472","70.43265779"
"2023-08-01","2023","8","เครื่องจักร","28191020","ชุดแฟนคอยล์เครื่องปรับอากาศ","0.977811884","73.26721683"
"2023-08-01","2023","8","เครื่องจักร","28191030","คอมเพรสเซอร์","0.556634387","79.53551688"
"2023-08-01","2023","8","เครื่องจักร","28191040","เครื่องปรับอากาศแบบหน้าต่าง","0.199945353","54.62920144"
"2023-09-01","2023","9","เหล็กและโลหะ","24102010","เหล็กแผ่นรีดร้อน","0.570217861","86.06422881"
"2023-09-01","2023","9","เหล็กและโลหะ","24102020","เหล็กแผ่นรีดเย็น","0.324853077","66.30026038"
"2023-09-01","2023","9","เหล็กและโลหะ","24102030","เหล็กแผ่นเคลือบสังกะสี","0.389212591","86.31708537"
"2023-09-01","2023","9","เหล็กและโลหะ","24102040","เหล็กแผ่นเคลือบดีบุก","0.045511445","30.18453427"
"2023-09-01","2023","9","เหล็กและโลหะ","24102050","เหล็กแผ่นเคลือบโครเมียม","0.043343601","96.05465536"
"2023-09-01","2023","9","เหล็กและโลหะ","24103010","ท่อเหล็ก","0.822579882","105.5170626"
"2023-09-01","2023","9","เหล็กและโลหะ","24109010","เหล็กเส้นกลม","0.088363944","89.26279902"
"2023-09-01","2023","9","เหล็กและโลหะ","24109020","เหล็กข้ออ้อย","0.289745853","129.3397782"
"2023-09-01","2023","9","เหล็กและโลหะ","24109030","เหล็กลวด","0.232286423","92.63637993"
"2023-09-01","2023","9","เหล็กและโลหะ","24109040","ลวดเหล็ก","0.165507535","80.08097675"
"2023-09-01","2023","9","เหล็กและโลหะ","24109050","ลวดเหล็กแรงดึงสูง","0.083421961","85.8577811"
"2023-09-01","2023","9","เหล็กและโลหะ","24109060","เหล็กรูปพรรณรีดร้อน","0.283247251","87.6875788"
"2023-09-01","2023","9","เหล็กและโลหะ","24109070","เหล็กโครงสร้างขึ้นรูปเย็น","0.069570356","82.43797858"
"2023-09-01","2023","9","ผลิตภัณฑ์โลหะแปรรูป","25949010","กระป๋องโลหะ","0.854641038","86.81403135"
"2023-09-01","2023","9","ผลิตภัณฑ์โลหะแปรรูป","25951010","ลวดเชื่อม","0.405670664","79.98798002"
"2023-09-01","2023","9","ผลิตภัณฑ์โลหะแปรรูป","25952010","สกรู นอต และตะปู","0.449289205","82.47903883"
"2023-09-01","2023","9","ผลิตภัณฑ์โลหะแปรรูป","25952020","สปริง","0.023669901","74.86862976"
"2023-09-01","2023","9","ผลิตภัณฑ์โลหะแปรรูป","25992010","เครื่องครัวและเครื่องใช้โลหะ","0.227088934","52.02492159"
"2023-09-01","2023","9","อุปกรณ์ไฟฟ้า","27101010","มอเตอร์ไฟฟ้า","0.459952015","73.65551615"
"2023-09-01","2023","9","อุปกรณ์ไฟฟ้า","27102010","หม้อแปลงไฟฟ้า","0.220429572","99.97728305"
"2023-09-01","2023","9","อุปกรณ์ไฟฟ้า","27320010","สายไฟฟ้า","0.224009076","126.9186604"
"2023-09-01","2023","9","อุปกรณ์ไฟฟ้า","27320020","สายเคเบิล","0.16203404","77.27359126"
"2023-09-01","2023","9","เครื่องจักร","28110010","เครื่องยนต์ดีเซลเพื่อการเกษตร","0.186177876","59.72240733"
"2023-09-01","2023","9","เครื่องจักร","28191010","ชุดคอนเดนซิ่งเครื่องปรับอากาศ","1.411701472","75.65826487"
"2023-09-01","2023","9","เครื่องจักร","28191020","ชุดแฟนคอยล์เครื่องปรับอากาศ","0.977811884","77.254824"
"2023-09-01","2023","9","เครื่องจักร","28191030","คอมเพรสเซอร์","0.556634387","77.49306849"
"2023-09-01","2023","9","เครื่องจักร","28191040","เครื่องปรับอากาศแบบหน้าต่าง","0.199945353","64.87745105"
"2023-10-01","2023","10","เหล็กและโลหะ","24102010","เหล็กแผ่นรีดร้อน","0.570217861","82.74406561"
"2023-10-01","2023","10","เหล็กและโลหะ","24102020","เหล็กแผ่นรีดเย็น","0.324853077","58.75244391"
"2023-10-01","2023","10","เหล็กและโลหะ","24102030","เหล็กแผ่นเคลือบสังกะสี","0.389212591","74.76309699"
"2023-10-01","2023","10","เหล็กและโลหะ","24102040","เหล็กแผ่นเคลือบดีบุก","0.045511445","59.19828388"
"2023-10-01","2023","10","เหล็กและโลหะ","24102050","เหล็กแผ่นเคลือบโครเมียม","0.043343601","95.30350181"
"2023-10-01","2023","10","เหล็กและโลหะ","24103010","ท่อเหล็ก","0.822579882","92.29148771"
"2023-10-01","2023","10","เหล็กและโลหะ","24109010","เหล็กเส้นกลม","0.088363944","78.93126971"
"2023-10-01","2023","10","เหล็กและโลหะ","24109020","เหล็กข้ออ้อย","0.289745853","124.7744953"
"2023-10-01","2023","10","เหล็กและโลหะ","24109030","เหล็กลวด","0.232286423","70.39632054"
"2023-10-01","2023","10","เหล็กและโลหะ","24109040","ลวดเหล็ก","0.165507535","72.277717"
"2023-10-01","2023","10","เหล็กและโลหะ","24109050","ลวดเหล็กแรงดึงสูง","0.083421961","81.69391758"
"2023-10-01","2023","10","เหล็กและโลหะ","24109060","เหล็กรูปพรรณรีดร้อน","0.283247251","88.37654854"
"2023-10-01","2023","10","เหล็กและโลหะ","24109070","เหล็กโครงสร้างขึ้นรูปเย็น","0.069570356","71.87706943"
"2023-10-01","2023","10","ผลิตภัณฑ์โลหะแปรรูป","25949010","กระป๋องโลหะ","0.854641038","88.61175072"
"2023-10-01","2023","10","ผลิตภัณฑ์โลหะแปรรูป","25951010","ลวดเชื่อม","0.405670664","73.46106019"
"2023-10-01","2023","10","ผลิตภัณฑ์โลหะแปรรูป","25952010","สกรู นอต และตะปู","0.449289205","78.74531384"
"2023-10-01","2023","10","ผลิตภัณฑ์โลหะแปรรูป","25952020","สปริง","0.023669901","72.15929023"
"2023-10-01","2023","10","ผลิตภัณฑ์โลหะแปรรูป","25992010","เครื่องครัวและเครื่องใช้โลหะ","0.227088934","59.0169512"
"2023-10-01","2023","10","อุปกรณ์ไฟฟ้า","27101010","มอเตอร์ไฟฟ้า","0.459952015","86.51554378"
"2023-10-01","2023","10","อุปกรณ์ไฟฟ้า","27102010","หม้อแปลงไฟฟ้า","0.220429572","80.41799182"
"2023-10-01","2023","10","อุปกรณ์ไฟฟ้า","27320010","สายไฟฟ้า","0.224009076","138.3276462"
"2023-10-01","2023","10","อุปกรณ์ไฟฟ้า","27320020","สายเคเบิล","0.16203404","80.36839284"
"2023-10-01","2023","10","เครื่องจักร","28110010","เครื่องยนต์ดีเซลเพื่อการเกษตร","0.186177876","59.03699332"
"2023-10-01","2023","10","เครื่องจักร","28191010","ชุดคอนเดนซิ่งเครื่องปรับอากาศ","1.411701472","73.38767462"
"2023-10-01","2023","10","เครื่องจักร","28191020","ชุดแฟนคอยล์เครื่องปรับอากาศ","0.977811884","76.20289455"
"2023-10-01","2023","10","เครื่องจักร","28191030","คอมเพรสเซอร์","0.556634387","75.24895621"
"2023-10-01","2023","10","เครื่องจักร","28191040","เครื่องปรับอากาศแบบหน้าต่าง","0.199945353","36.31755214"
"2023-11-01","2023","11","เหล็กและโลหะ","24102010","เหล็กแผ่นรีดร้อน","0.570217861","54.06634138"
"2023-11-01","2023","11","เหล็กและโลหะ","24102020","เหล็กแผ่นรีดเย็น","0.324853077","74.28420806"
"2023-11-01","2023","11","เหล็กและโลหะ","24102030","เหล็กแผ่นเคลือบสังกะสี","0.389212591","75.43041294"
"2023-11-01","2023","11","เหล็กและโลหะ","24102040","เหล็กแผ่นเคลือบดีบุก","0.045511445","89.44484648"
"2023-11-01","2023","11","เหล็กและโลหะ","24102050","เหล็กแผ่นเคลือบโครเมียม","0.043343601","117.2085703"
"2023-11-01","2023","11","เหล็กและโลหะ","24103010","ท่อเหล็ก","0.822579882","99.49833609"
"2023-11-01","2023","11","เหล็กและโลหะ","24109010","เหล็กเส้นกลม","0.088363944","106.93723"
"2023-11-01","2023","11","เหล็กและโลหะ","24109020","เหล็กข้ออ้อย","0.289745853","126.0478448"
"2023-11-01","2023","11","เหล็กและโลหะ","24109030","เหล็กลวด","0.232286423","75.60565932"
"2023-11-01","2023","11","เหล็กและโลหะ","24109040","ลวดเหล็ก","0.165507535","72.41008232"
"2023-11-01","2023","11","เหล็กและโลหะ","24109050","ลวดเหล็กแรงดึงสูง","0.083421961","93.1172812"
"2023-11-01","2023","11","เหล็กและโลหะ","24109060","เหล็กรูปพรรณรีดร้อน","0.283247251","87.31727402"
"2023-11-01","2023","11","เหล็กและโลหะ","24109070","เหล็กโครงสร้างขึ้นรูปเย็น","0.069570356","80.45912929"
"2023-11-01","2023","11","ผลิตภัณฑ์โลหะแปรรูป","25949010","กระป๋องโลหะ","0.854641038","86.81181342"
"2023-11-01","2023","11","ผลิตภัณฑ์โลหะแปรรูป","25951010","ลวดเชื่อม","0.405670664","82.78203619"
"2023-11-01","2023","11","ผลิตภัณฑ์โลหะแปรรูป","25952010","สกรู นอต และตะปู","0.449289205","69.99472455"
"2023-11-01","2023","11","ผลิตภัณฑ์โลหะแปรรูป","25952020","สปริง","0.023669901","81.79268529"
"2023-11-01","2023","11","ผลิตภัณฑ์โลหะแปรรูป","25992010","เครื่องครัวและเครื่องใช้โลหะ","0.227088934","57.84320157"
"2023-11-01","2023","11","อุปกรณ์ไฟฟ้า","27101010","มอเตอร์ไฟฟ้า","0.459952015","89.59542066"
"2023-11-01","2023","11","อุปกรณ์ไฟฟ้า","27102010","หม้อแปลงไฟฟ้า","0.220429572","94.11631077"
"2023-11-01","2023","11","อุปกรณ์ไฟฟ้า","27320010","สายไฟฟ้า","0.224009076","131.2763673"
"2023-11-01","2023","11","อุปกรณ์ไฟฟ้า","27320020","สายเคเบิล","0.16203404","87.64795308"
"2023-11-01","2023","11","เครื่องจักร","28110010","เครื่องยนต์ดีเซลเพื่อการเกษตร","0.186177876","62.6239933"
"2023-11-01","2023","11","เครื่องจักร","28191010","ชุดคอนเดนซิ่งเครื่องปรับอากาศ","1.411701472","83.24735096"
"2023-11-01","2023","11","เครื่องจักร","28191020","ชุดแฟนคอยล์เครื่องปรับอากาศ","0.977811884","84.3218375"
"2023-11-01","2023","11","เครื่องจักร","28191030","คอมเพรสเซอร์","0.556634387","72.96930121"
"2023-11-01","2023","11","เครื่องจักร","28191040","เครื่องปรับอากาศแบบหน้าต่าง","0.199945353","102.0203419"
"2023-12-01","2023","12","เหล็กและโลหะ","24102010","เหล็กแผ่นรีดร้อน","0.570217861","84.78317967"
"2023-12-01","2023","12","เหล็กและโลหะ","24102020","เหล็กแผ่นรีดเย็น","0.324853077","61.4731305"
"2023-12-01","2023","12","เหล็กและโลหะ","24102030","เหล็กแผ่นเคลือบสังกะสี","0.389212591","68.38692912"
"2023-12-01","2023","12","เหล็กและโลหะ","24102040","เหล็กแผ่นเคลือบดีบุก","0.045511445","80.46624625"
"2023-12-01","2023","12","เหล็กและโลหะ","24102050","เหล็กแผ่นเคลือบโครเมียม","0.043343601","100.7475766"
"2023-12-01","2023","12","เหล็กและโลหะ","24103010","ท่อเหล็ก","0.822579882","88.3899891"
"2023-12-01","2023","12","เหล็กและโลหะ","24109010","เหล็กเส้นกลม","0.088363944","92.0548312"
"2023-12-01","2023","12","เหล็กและโลหะ","24109020","เหล็กข้ออ้อย","0.289745853","118.6135932"
"2023-12-01","2023","12","เหล็กและโลหะ","24109030","เหล็กลวด","0.232286423","79.01573338"
"2023-12-01","2023","12","เหล็กและโลหะ","24109040","ลวดเหล็ก","0.165507535","71.71051648"
"2023-12-01","2023","12","เหล็กและโลหะ","24109050","ลวดเหล็กแรงดึงสูง","0.083421961","76.90601439"
"2023-12-01","2023","12","เหล็กและโลหะ","24109060","เหล็กรูปพรรณรีดร้อน","0.283247251","76.25505001"
"2023-12-01","2023","12","เหล็กและโลหะ","24109070","เหล็กโครงสร้างขึ้นรูปเย็น","0.069570356","65.73249177"
"2023-12-01","2023","12","ผลิตภัณฑ์โลหะแปรรูป","25949010","กระป๋องโลหะ","0.854641038","84.11347232"
"2023-12-01","2023","12","ผลิตภัณฑ์โลหะแปรรูป","25951010","ลวดเชื่อม","0.405670664","83.05365215"
"2023-12-01","2023","12","ผลิตภัณฑ์โลหะแปรรูป","25952010","สกรู นอต และตะปู","0.449289205","59.91242478"
"2023-12-01","2023","12","ผลิตภัณฑ์โลหะแปรรูป","25952020","สปริง","0.023669901","68.04021502"
"2023-12-01","2023","12","ผลิตภัณฑ์โลหะแปรรูป","25992010","เครื่องครัวและเครื่องใช้โลหะ","0.227088934","51.11737681"
"2023-12-01","2023","12","อุปกรณ์ไฟฟ้า","27101010","มอเตอร์ไฟฟ้า","0.459952015","68.85339877"
"2023-12-01","2023","12","อุปกรณ์ไฟฟ้า","27102010","หม้อแปลงไฟฟ้า","0.220429572","103.4529759"
"2023-12-01","2023","12","อุปกรณ์ไฟฟ้า","27320010","สายไฟฟ้า","0.224009076","138.329363"
"2023-12-01","2023","12","อุปกรณ์ไฟฟ้า","27320020","สายเคเบิล","0.16203404","86.52005663"
"2023-12-01","2023","12","เครื่องจักร","28110010","เครื่องยนต์ดีเซลเพื่อการเกษตร","0.186177876","66.09675761"
"2023-12-01","2023","12","เครื่องจักร","28191010","ชุดคอนเดนซิ่งเครื่องปรับอากาศ","1.411701472","83.9271812"
"2023-12-01","2023","12","เครื่องจักร","28191020","ชุดแฟนคอยล์เครื่องปรับอากาศ","0.977811884","81.25258439"
"2023-12-01","2023","12","เครื่องจักร","28191030","คอมเพรสเซอร์","0.556634387","55.85225823"
"2023-12-01","2023","12","เครื่องจักร","28191040","เครื่องปรับอากาศแบบหน้าต่าง","0.199945353","116.4531645"
"2024-01-01","2024","1","เหล็กและโลหะ","24102010","เหล็กแผ่นรีดร้อน","0.570217861","89.18595796"
"2024-01-01","2024","1","เหล็กและโลหะ","24102020","เหล็กแผ่นรีดเย็น","0.324853077","64.8143433"
"2024-01-01","2024","1","เหล็กและโลหะ","24102030","เหล็กแผ่นเคลือบสังกะสี","0.389212591","68.48644956"
"2024-01-01","2024","1","เหล็กและโลหะ","24102040","เหล็กแผ่นเคลือบดีบุก","0.045511445","60.50863228"
"2024-01-01","2024","1","เหล็กและโลหะ","24102050","เหล็กแผ่นเคลือบโครเมียม","0.043343601","83.02750653"
"2024-01-01","2024","1","เหล็กและโลหะ","24103010","ท่อเหล็ก","0.822579882","103.6045458"
"2024-01-01","2024","1","เหล็กและโลหะ","24109010","เหล็กเส้นกลม","0.088363944","99.14037981"
"2024-01-01","2024","1","เหล็กและโลหะ","24109020","เหล็กข้ออ้อย","0.289745853","118.0927429"
"2024-01-01","2024","1","เหล็กและโลหะ","24109030","เหล็กลวด","0.232286423","85.01664229"
"2024-01-01","2024","1","เหล็กและโลหะ","24109040","ลวดเหล็ก","0.165507535","80.45139588"
"2024-01-01","2024","1","เหล็กและโลหะ","24109050","ลวดเหล็กแรงดึงสูง","0.083421961","93.56367927"
"2024-01-01","2024","1","เหล็กและโลหะ","24109060","เหล็กรูปพรรณรีดร้อน","0.283247251","83.96514661"
"2024-01-01","2024","1","เหล็กและโลหะ","24109070","เหล็กโครงสร้างขึ้นรูปเย็น","0.069570356","84.60813957"
"2024-01-01","2024","1","ผลิตภัณฑ์โลหะแปรรูป","25949010","กระป๋องโลหะ","0.854641038","94.17602678"
"2024-01-01","2024","1","ผลิตภัณฑ์โลหะแปรรูป","25951010","ลวดเชื่อม","0.405670664","85.02713388"
"2024-01-01","2024","1","ผลิตภัณฑ์โลหะแปรรูป","25952010","สกรู นอต และตะปู","0.449289205","78.14542169"
"2024-01-01","2024","1","ผลิตภัณฑ์โลหะแปรรูป","25952020","สปริง","0.023669901","76.64836973"
"2024-01-01","2024","1","ผลิตภัณฑ์โลหะแปรรูป","25992010","เครื่องครัวและเครื่องใช้โลหะ","0.227088934","54.66914184"
"2024-01-01","2024","1","อุปกรณ์ไฟฟ้า","27101010","มอเตอร์ไฟฟ้า","0.459952015","84.00721924"
"2024-01-01","2024","1","อุปกรณ์ไฟฟ้า","27102010","หม้อแปลงไฟฟ้า","0.220429572","92.31031349"
"2024-01-01","2024","1","อุปกรณ์ไฟฟ้า","27320010","สายไฟฟ้า","0.224009076","128.8850894"
"2024-01-01","2024","1","อุปกรณ์ไฟฟ้า","27320020","สายเคเบิล","0.16203404","70.17595718"
"2024-01-01","2024","1","เครื่องจักร","28110010","เครื่องยนต์ดีเซลเพื่อการเกษตร","0.186177876","117.959751"
"2024-01-01","2024","1","เครื่องจักร","28191010","ชุดคอนเดนซิ่งเครื่องปรับอากาศ","1.411701472","116.813114"
"2024-01-01","2024","1","เครื่องจักร","28191020","ชุดแฟนคอยล์เครื่องปรับอากาศ","0.977811884","109.7572364"
"2024-01-01","2024","1","เครื่องจักร","28191030","คอมเพรสเซอร์","0.556634387","75.09770829"
"2024-01-01","2024","1","เครื่องจักร","28191040","เครื่องปรับอากาศแบบหน้าต่าง","0.199945353","291.0772407"
"2024-02-01","2024","2","เหล็กและโลหะ","24102010","เหล็กแผ่นรีดร้อน","0.570217861","72.36101433"
"2024-02-01","2024","2","เหล็กและโลหะ","24102020","เหล็กแผ่นรีดเย็น","0.324853077","58.18529172"
"2024-02-01","2024","2","เหล็กและโลหะ","24102030","เหล็กแผ่นเคลือบสังกะสี","0.389212591","67.69446009"
"2024-02-01","2024","2","เหล็กและโลหะ","24102040","เหล็กแผ่นเคลือบดีบุก","0.045511445","104.3549054"
"2024-02-01","2024","2","เหล็กและโลหะ","24102050","เหล็กแผ่นเคลือบโครเมียม","0.043343601","114.7190328"
"2024-02-01","2024","2","เหล็กและโลหะ","24103010","ท่อเหล็ก","0.822579882","101.0586083"
"2024-02-01","2024","2","เหล็กและโลหะ","24109010","เหล็กเส้นกลม","0.088363944","83.15723114"
"2024-02-01","2024","2","เหล็กและโลหะ","24109020","เหล็กข้ออ้อย","0.289745853","134.2445811"
"2024-02-01","2024","2","เหล็กและโลหะ","24109030","เหล็กลวด","0.232286423","82.13509394"
"2024-02-01","2024","2","เหล็กและโลหะ","24109040","ลวดเหล็ก","0.165507535","80.40432686"
"2024-02-01","2024","2","เหล็กและโลหะ","24109050","ลวดเหล็กแรงดึงสูง","0.083421961","91.33583132"
"2024-02-01","2024","2","เหล็กและโลหะ","24109060","เหล็กรูปพรรณรีดร้อน","0.283247251","79.41198203"
"2024-02-01","2024","2","เหล็กและโลหะ","24109070","เหล็กโครงสร้างขึ้นรูปเย็น","0.069570356","86.98933708"
"2024-02-01","2024","2","ผลิตภัณฑ์โลหะแปรรูป","25949010","กระป๋องโลหะ","0.854641038","87.38973326"
"2024-02-01","2024","2","ผลิตภัณฑ์โลหะแปรรูป","25951010","ลวดเชื่อม","0.405670664","91.89487033"
"2024-02-01","2024","2","ผลิตภัณฑ์โลหะแปรรูป","25952010","สกรู นอต และตะปู","0.449289205","80.73951317"
"2024-02-01","2024","2","ผลิตภัณฑ์โลหะแปรรูป","25952020","สปริง","0.023669901","86.66674315"
"2024-02-01","2024","2","ผลิตภัณฑ์โลหะแปรรูป","25992010","เครื่องครัวและเครื่องใช้โลหะ","0.227088934","44.91204719"
"2024-02-01","2024","2","อุปกรณ์ไฟฟ้า","27101010","มอเตอร์ไฟฟ้า","0.459952015","91.61451315"
"2024-02-01","2024","2","อุปกรณ์ไฟฟ้า","27102010","หม้อแปลงไฟฟ้า","0.220429572","93.91185825"
"2024-02-01","2024","2","อุปกรณ์ไฟฟ้า","27320010","สายไฟฟ้า","0.224009076","106.8086557"
"2024-02-01","2024","2","อุปกรณ์ไฟฟ้า","27320020","สายเคเบิล","0.16203404","65.0817963"
"2024-02-01","2024","2","เครื่องจักร","28110010","เครื่องยนต์ดีเซลเพื่อการเกษตร","0.186177876","133.6785789"
"2024-02-01","2024","2","เครื่องจักร","28191010","ชุดคอนเดนซิ่งเครื่องปรับอากาศ","1.411701472","135.288356"
"2024-02-01","2024","2","เครื่องจักร","28191020","ชุดแฟนคอยล์เครื่องปรับอากาศ","0.977811884","125.9494793"
"2024-02-01","2024","2","เครื่องจักร","28191030","คอมเพรสเซอร์","0.556634387","84.59450275"
"2024-02-01","2024","2","เครื่องจักร","28191040","เครื่องปรับอากาศแบบหน้าต่าง","0.199945353","428.1033411"
"2024-03-01","2024","3","เหล็กและโลหะ","24102010","เหล็กแผ่นรีดร้อน","0.570217861","75.08923225"
"2024-03-01","2024","3","เหล็กและโลหะ","24102020","เหล็กแผ่นรีดเย็น","0.324853077","73.43805774"
"2024-03-01","2024","3","เหล็กและโลหะ","24102030","เหล็กแผ่นเคลือบสังกะสี","0.389212591","65.56755358"
"2024-03-01","2024","3","เหล็กและโลหะ","24102040","เหล็กแผ่นเคลือบดีบุก","0.045511445","92.01902202"
"2024-03-01","2024","3","เหล็กและโลหะ","24102050","เหล็กแผ่นเคลือบโครเมียม","0.043343601","118.0741854"
"2024-03-01","2024","3","เหล็กและโลหะ","24103010","ท่อเหล็ก","0.822579882","126.2701341"
"2024-03-01","2024","3","เหล็กและโลหะ","24109010","เหล็กเส้นกลม","0.088363944","101.7781511"
"2024-03-01","2024","3","เหล็กและโลหะ","24109020","เหล็กข้ออ้อย","0.289745853","141.0949676"
"2024-03-01","2024","3","เหล็กและโลหะ","24109030","เหล็กลวด","0.232286423","100.0765455"
"2024-03-01","2024","3","เหล็กและโลหะ","24109040","ลวดเหล็ก","0.165507535","84.84183495"
"2024-03-01","2024","3","เหล็กและโลหะ","24109050","ลวดเหล็กแรงดึงสูง","0.083421961","89.64247507"
"2024-03-01","2024","3","เหล็กและโลหะ","24109060","เหล็กรูปพรรณรีดร้อน","0.283247251","80.61205777"
"2024-03-01","2024","3","เหล็กและโลหะ","24109070","เหล็กโครงสร้างขึ้นรูปเย็น","0.069570356","94.44097195"
"2024-03-01","2024","3","ผลิตภัณฑ์โลหะแปรรูป","25949010","กระป๋องโลหะ","0.854641038","101.5627733"
"2024-03-01","2024","3","ผลิตภัณฑ์โลหะแปรรูป","25951010","ลวดเชื่อม","0.405670664","90.29625604"
"2024-03-01","2024","3","ผลิตภัณฑ์โลหะแปรรูป","25952010","สกรู นอต และตะปู","0.449289205","90.78682315"
"2024-03-01","2024","3","ผลิตภัณฑ์โลหะแปรรูป","25952020","สปริง","0.023669901","88.11560461"
"2024-03-01","2024","3","ผลิตภัณฑ์โลหะแปรรูป","25992010","เครื่องครัวและเครื่องใช้โลหะ","0.227088934","54.49009639"
"2024-03-01","2024","3","อุปกรณ์ไฟฟ้า","27101010","มอเตอร์ไฟฟ้า","0.459952015","100.189794"
"2024-03-01","2024","3","อุปกรณ์ไฟฟ้า","27102010","หม้อแปลงไฟฟ้า","0.220429572","89.00499773"
"2024-03-01","2024","3","อุปกรณ์ไฟฟ้า","27320010","สายไฟฟ้า","0.224009076","140.2543239"
"2024-03-01","2024","3","อุปกรณ์ไฟฟ้า","27320020","สายเคเบิล","0.16203404","77.94141566"
"2024-03-01","2024","3","เครื่องจักร","28110010","เครื่องยนต์ดีเซลเพื่อการเกษตร","0.186177876","147.5239419"
"2024-03-01","2024","3","เครื่องจักร","28191010","ชุดคอนเดนซิ่งเครื่องปรับอากาศ","1.411701472","170.3727273"
"2024-03-01","2024","3","เครื่องจักร","28191020","ชุดแฟนคอยล์เครื่องปรับอากาศ","0.977811884","153.5531961"
"2024-03-01","2024","3","เครื่องจักร","28191030","คอมเพรสเซอร์","0.556634387","97.98131055"
"2024-03-01","2024","3","เครื่องจักร","28191040","เครื่องปรับอากาศแบบหน้าต่าง","0.199945353","450.1886615"
"2024-04-01","2024","4","เหล็กและโลหะ","24102010","เหล็กแผ่นรีดร้อน","0.570217861","73.64281929"
"2024-04-01","2024","4","เหล็กและโลหะ","24102020","เหล็กแผ่นรีดเย็น","0.324853077","45.37140516"
"2024-04-01","2024","4","เหล็กและโลหะ","24102030","เหล็กแผ่นเคลือบสังกะสี","0.389212591","57.88844464"
"2024-04-01","2024","4","เหล็กและโลหะ","24102040","เหล็กแผ่นเคลือบดีบุก","0.045511445","100.2610359"
"2024-04-01","2024","4","เหล็กและโลหะ","24102050","เหล็กแผ่นเคลือบโครเมียม","0.043343601","97.99334693"
"2024-04-01","2024","4","เหล็กและโลหะ","24103010","ท่อเหล็ก","0.822579882","85.72708265"
"2024-04-01","2024","4","เหล็กและโลหะ","24109010","เหล็กเส้นกลม","0.088363944","97.9189545"
"2024-04-01","2024","4","เหล็กและโลหะ","24109020","เหล็กข้ออ้อย","0.289745853","100.5422321"
"2024-04-01","2024","4","เหล็กและโลหะ","24109030","เหล็กลวด","0.232286423","74.15700976"
"2024-04-01","2024","4","เหล็กและโลหะ","24109040","ลวดเหล็ก","0.165507535","72.37344371"
"2024-04-01","2024","4","เหล็กและโลหะ","24109050","ลวดเหล็กแรงดึงสูง","0.083421961","72.67592643"
"2024-04-01","2024","4","เหล็กและโลหะ","24109060","เหล็กรูปพรรณรีดร้อน","0.283247251","77.00225096"
"2024-04-01","2024","4","เหล็กและโลหะ","24109070","เหล็กโครงสร้างขึ้นรูปเย็น","0.069570356","63.79544133"
"2024-04-01","2024","4","ผลิตภัณฑ์โลหะแปรรูป","25949010","กระป๋องโลหะ","0.854641038","89.22272624"
"2024-04-01","2024","4","ผลิตภัณฑ์โลหะแปรรูป","25951010","ลวดเชื่อม","0.405670664","71.44037779"
"2024-04-01","2024","4","ผลิตภัณฑ์โลหะแปรรูป","25952010","สกรู นอต และตะปู","0.449289205","70.7292656"
"2024-04-01","2024","4","ผลิตภัณฑ์โลหะแปรรูป","25952020","สปริง","0.023669901","67.05989686"
"2024-04-01","2024","4","ผลิตภัณฑ์โลหะแปรรูป","25992010","เครื่องครัวและเครื่องใช้โลหะ","0.227088934","46.19342448"
"2024-04-01","2024","4","อุปกรณ์ไฟฟ้า","27101010","มอเตอร์ไฟฟ้า","0.459952015","86.51604269"
"2024-04-01","2024","4","อุปกรณ์ไฟฟ้า","27102010","หม้อแปลงไฟฟ้า","0.220429572","67.74193548"
"2024-04-01","2024","4","อุปกรณ์ไฟฟ้า","27320010","สายไฟฟ้า","0.224009076","87.97325093"
"2024-04-01","2024","4","อุปกรณ์ไฟฟ้า","27320020","สายเคเบิล","0.16203404","72.42695052"
"2024-04-01","2024","4","เครื่องจักร","28110010","เครื่องยนต์ดีเซลเพื่อการเกษตร","0.186177876","112.659216"
"2024-04-01","2024","4","เครื่องจักร","28191010","ชุดคอนเดนซิ่งเครื่องปรับอากาศ","1.411701472","144.0002309"
"2024-04-01","2024","4","เครื่องจักร","28191020","ชุดแฟนคอยล์เครื่องปรับอากาศ","0.977811884","135.2746062"
"2024-04-01","2024","4","เครื่องจักร","28191030","คอมเพรสเซอร์","0.556634387","90.85078595"
"2024-04-01","2024","4","เครื่องจักร","28191040","เครื่องปรับอากาศแบบหน้าต่าง","0.199945353","167.682925"
"2024-05-01","2024","5","เหล็กและโลหะ","24102010","เหล็กแผ่นรีดร้อน","0.570217861","81.26042754"
"2024-05-01","2024","5","เหล็กและโลหะ","24102020","เหล็กแผ่นรีดเย็น","0.324853077","55.45940497"
"2024-05-01","2024","5","เหล็กและโลหะ","24102030","เหล็กแผ่นเคลือบสังกะสี","0.389212591","64.57818396"
"2024-05-01","2024","5","เหล็กและโลหะ","24102040","เหล็กแผ่นเคลือบดีบุก","0.045511445","97.69461387"
"2024-05-01","2024","5","เหล็กและโลหะ","24102050","เหล็กแผ่นเคลือบโครเมียม","0.043343601","114.1681869"
"2024-05-01","2024","5","เหล็กและโลหะ","24103010","ท่อเหล็ก","0.822579882","121.2357838"
"2024-05-01","2024","5","เหล็กและโลหะ","24109010","เหล็กเส้นกลม","0.088363944","103.629297"
"2024-05-01","2024","5","เหล็กและโลหะ","24109020","เหล็กข้ออ้อย","0.289745853","140.6000929"
"2024-05-01","2024","5","เหล็กและโลหะ","24109030","เหล็กลวด","0.232286423","82.57909496"
"2024-05-01","2024","5","เหล็กและโลหะ","24109040","ลวดเหล็ก","0.165507535","79.69770242"
"2024-05-01","2024","5","เหล็กและโลหะ","24109050","ลวดเหล็กแรงดึงสูง","0.083421961","82.94187083"
"2024-05-01","2024","5","เหล็กและโลหะ","24109060","เหล็กรูปพรรณรีดร้อน","0.283247251","79.09841869"
"2024-05-01","2024","5","เหล็กและโลหะ","24109070","เหล็กโครงสร้างขึ้นรูปเย็น","0.069570356","78.4659476"
"2024-05-01","2024","5","ผลิตภัณฑ์โลหะแปรรูป","25949010","กระป๋องโลหะ","0.854641038","102.1581046"
"2024-05-01","2024","5","ผลิตภัณฑ์โลหะแปรรูป","25951010","ลวดเชื่อม","0.405670664","96.73033632"
"2024-05-01","2024","5","ผลิตภัณฑ์โลหะแปรรูป","25952010","สกรู นอต และตะปู","0.449289205","92.83208467"
"2024-05-01","2024","5","ผลิตภัณฑ์โลหะแปรรูป","25952020","สปริง","0.023669901","78.17693185"
"2024-05-01","2024","5","ผลิตภัณฑ์โลหะแปรรูป","25992010","เครื่องครัวและเครื่องใช้โลหะ","0.227088934","56.59175667"
"2024-05-01","2024","5","อุปกรณ์ไฟฟ้า","27101010","มอเตอร์ไฟฟ้า","0.459952015","100.7713246"
"2024-05-01","2024","5","อุปกรณ์ไฟฟ้า","27102010","หม้อแปลงไฟฟ้า","0.220429572","88.18718764"
"2024-05-01","2024","5","อุปกรณ์ไฟฟ้า","27320010","สายไฟฟ้า","0.224009076","120.0839661"
"2024-05-01","2024","5","อุปกรณ์ไฟฟ้า","27320020","สายเคเบิล","0.16203404","78.87527278"
"2024-05-01","2024","5","เครื่องจักร","28110010","เครื่องยนต์ดีเซลเพื่อการเกษตร","0.186177876","143.091598"
"2024-05-01","2024","5","เครื่องจักร","28191010","ชุดคอนเดนซิ่งเครื่องปรับอากาศ","1.411701472","162.4652113"
"2024-05-01","2024","5","เครื่องจักร","28191020","ชุดแฟนคอยล์เครื่องปรับอากาศ","0.977811884","154.6126706"
"2024-05-01","2024","5","เครื่องจักร","28191030","คอมเพรสเซอร์","0.556634387","104.7605638"
"2024-05-01","2024","5","เครื่องจักร","28191040","เครื่องปรับอากาศแบบหน้าต่าง","0.199945353","59.52467916"
"2024-06-01","2024","6","เหล็กและโลหะ","24102010","เหล็กแผ่นรีดร้อน","0.570217861","89.63699164"
"2024-06-01","2024","6","เหล็กและโลหะ","24102020","เหล็กแผ่นรีดเย็น","0.324853077","51.79489819"
"2024-06-01","2024","6","เหล็กและโลหะ","24102030","เหล็กแผ่นเคลือบสังกะสี","0.389212591","65.9648145"
"2024-06-01","2024","6","เหล็กและโลหะ","24102040","เหล็กแผ่นเคลือบดีบุก","0.045511445","111.1470071"
"2024-06-01","2024","6","เหล็กและโลหะ","24102050","เหล็กแผ่นเคลือบโครเมียม","0.043343601","115.1911865"
"2024-06-01","2024","6","เหล็กและโลหะ","24103010","ท่อเหล็ก","0.822579882","100.1198478"
"2024-06-01","2024","6","เหล็กและโลหะ","24109010","เหล็กเส้นกลม","0.088363944","111.075532"
"2024-06-01","2024","6","เหล็กและโลหะ","24109020","เหล็กข้ออ้อย","0.289745853","140.5528105"
"2024-06-01","2024","6","เหล็กและโลหะ","24109030","เหล็กลวด","0.232286423","90.47453746"
"2024-06-01","2024","6","เหล็กและโลหะ","24109040","ลวดเหล็ก","0.165507535","79.58911467"
"2024-06-01","2024","6","เหล็กและโลหะ","24109050","ลวดเหล็กแรงดึงสูง","0.083421961","86.59858703"
"2024-06-01","2024","6","เหล็กและโลหะ","24109060","เหล็กรูปพรรณรีดร้อน","0.283247251","81.79987749"
"2024-06-01","2024","6","เหล็กและโลหะ","24109070","เหล็กโครงสร้างขึ้นรูปเย็น","0.069570356","91.83518368"
"2024-06-01","2024","6","ผลิตภัณฑ์โลหะแปรรูป","25949010","กระป๋องโลหะ","0.854641038","97.53892673"
"2024-06-01","2024","6","ผลิตภัณฑ์โลหะแปรรูป","25951010","ลวดเชื่อม","0.405670664","87.24597041"
"2024-06-01","2024","6","ผลิตภัณฑ์โลหะแปรรูป","25952010","สกรู นอต และตะปู","0.449289205","94.26234072"
"2024-06-01","2024","6","ผลิตภัณฑ์โลหะแปรรูป","25952020","สปริง","0.023669901","77.52869979"
"2024-06-01","2024","6","ผลิตภัณฑ์โลหะแปรรูป","25992010","เครื่องครัวและเครื่องใช้โลหะ","0.227088934","56.0859315"
"2024-06-01","2024","6","อุปกรณ์ไฟฟ้า","27101010","มอเตอร์ไฟฟ้า","0.459952015","93.92496962"
"2024-06-01","2024","6","อุปกรณ์ไฟฟ้า","27102010","หม้อแปลงไฟฟ้า","0.220429572","118.9232167"
"2024-06-01","2024","6","อุปกรณ์ไฟฟ้า","27320010","สายไฟฟ้า","0.224009076","122.1211812"
"2024-06-01","2024","6","อุปกรณ์ไฟฟ้า","27320020","สายเคเบิล","0.16203404","79.81827192"
"2024-06-01","2024","6","เครื่องจักร","28110010","เครื่องยนต์ดีเซลเพื่อการเกษตร","0.186177876","122.2550121"
"2024-06-01","2024","6","เครื่องจักร","28191010","ชุดคอนเดนซิ่งเครื่องปรับอากาศ","1.411701472","129.1806799"
"2024-06-01","2024","6","เครื่องจักร","28191020","ชุดแฟนคอยล์เครื่องปรับอากาศ","0.977811884","122.7433906"
"2024-06-01","2024","6","เครื่องจักร","28191030","คอมเพรสเซอร์","0.556634387","100.3595009"
"2024-06-01","2024","6","เครื่องจักร","28191040","เครื่องปรับอากาศแบบหน้าต่าง","0.199945353","67.6243089"
"2024-07-01","2024","7","เหล็กและโลหะ","24102010","เหล็กแผ่นรีดร้อน","0.570217861","84.28779337"
"2024-07-01","2024","7","เหล็กและโลหะ","24102020","เหล็กแผ่นรีดเย็น","0.324853077","57.84141062"
"2024-07-01","2024","7","เหล็กและโลหะ","24102030","เหล็กแผ่นเคลือบสังกะสี","0.389212591","63.83832229"
"2024-07-01","2024","7","เหล็กและโลหะ","24102040","เหล็กแผ่นเคลือบดีบุก","0.045511445","109.8676729"
"2024-07-01","2024","7","เหล็กและโลหะ","24102050","เหล็กแผ่นเคลือบโครเมียม","0.043343601","115.0123404"
"2024-07-01","2024","7","เหล็กและโลหะ","24103010","ท่อเหล็ก","0.822579882","106.0540717"
"2024-07-01","2024","7","เหล็กและโลหะ","24109010","เหล็กเส้นกลม","0.088363944","100.9595347"
"2024-07-01","2024","7","เหล็กและโลหะ","24109020","เหล็กข้ออ้อย","0.289745853","122.5097742"
"2024-07-01","2024","7","เหล็กและโลหะ","24109030","เหล็กลวด","0.232286423","71.35315189"
"2024-07-01","2024","7","เหล็กและโลหะ","24109040","ลวดเหล็ก","0.165507535","85.71846671"
"2024-07-01","2024","7","เหล็กและโลหะ","24109050","ลวดเหล็กแรงดึงสูง","0.083421961","88.31369991"
"2024-07-01","2024","7","เหล็กและโลหะ","24109060","เหล็กรูปพรรณรีดร้อน","0.283247251","81.00343595"
"2024-07-01","2024","7","เหล็กและโลหะ","24109070","เหล็กโครงสร้างขึ้นรูปเย็น","0.069570356","88.61670847"
"2024-07-01","2024","7","ผลิตภัณฑ์โลหะแปรรูป","25949010","กระป๋องโลหะ","0.854641038","98.81914556"
"2024-07-01","2024","7","ผลิตภัณฑ์โลหะแปรรูป","25951010","ลวดเชื่อม","0.405670664","81.01972349"
"2024-07-01","2024","7","ผลิตภัณฑ์โลหะแปรรูป","25952010","สกรู นอต และตะปู","0.449289205","93.77840537"
"2024-07-01","2024","7","ผลิตภัณฑ์โลหะแปรรูป","25952020","สปริง","0.023669901","72.9806901"
"2024-07-01","2024","7","ผลิตภัณฑ์โลหะแปรรูป","25992010","เครื่องครัวและเครื่องใช้โลหะ","0.227088934","54.48960631"
"2024-07-01","2024","7","อุปกรณ์ไฟฟ้า","27101010","มอเตอร์ไฟฟ้า","0.459952015","91.15381881"
"2024-07-01","2024","7","อุปกรณ์ไฟฟ้า","27102010","หม้อแปลงไฟฟ้า","0.220429572","110.7451159"
"2024-07-01","2024","7","อุปกรณ์ไฟฟ้า","27320010","สายไฟฟ้า","0.224009076","96.84589989"
"2024-07-01","2024","7","อุปกรณ์ไฟฟ้า","27320020","สายเคเบิล","0.16203404","96.57147668"
"2024-07-01","2024","7","เครื่องจักร","28110010","เครื่องยนต์ดีเซลเพื่อการเกษตร","0.186177876","100.527388"
"2024-07-01","2024","7","เครื่องจักร","28191010","ชุดคอนเดนซิ่งเครื่องปรับอากาศ","1.411701472","88.32395122"
"2024-07-01","2024","7","เครื่องจักร","28191020","ชุดแฟนคอยล์เครื่องปรับอากาศ","0.977811884","94.77136354"
"2024-07-01","2024","7","เครื่องจักร","28191030","คอมเพรสเซอร์","0.556634387","97.27887716"
"2024-07-01","2024","7","เครื่องจักร","28191040","เครื่องปรับอากาศแบบหน้าต่าง","0.199945353","7.725841465"
"2024-08-01","2024","8","เหล็กและโลหะ","24102010","เหล็กแผ่นรีดร้อน","0.570217861","55.02001552"
"2024-08-01","2024","8","เหล็กและโลหะ","24102020","เหล็กแผ่นรีดเย็น","0.324853077","62.90812879"
"2024-08-01","2024","8","เหล็กและโลหะ","24102030","เหล็กแผ่นเคลือบสังกะสี","0.389212591","69.79869227"
"2024-08-01","2024","8","เหล็กและโลหะ","24102040","เหล็กแผ่นเคลือบดีบุก","0.045511445","116.8846273"
"2024-08-01","2024","8","เหล็กและโลหะ","24102050","เหล็กแผ่นเคลือบโครเมียม","0.043343601","96.92027042"
"2024-08-01","2024","8","เหล็กและโลหะ","24103010","ท่อเหล็ก","0.822579882","92.58731332"
"2024-08-01","2024","8","เหล็กและโลหะ","24109010","เหล็กเส้นกลม","0.088363944","107.4776119"
"2024-08-01","2024","8","เหล็กและโลหะ","24109020","เหล็กข้ออ้อย","0.289745853","119.0505943"
"2024-08-01","2024","8","เหล็กและโลหะ","24109030","เหล็กลวด","0.232286423","81.11777389"
"2024-08-01","2024","8","เหล็กและโลหะ","24109040","ลวดเหล็ก","0.165507535","79.73377324"
"2024-08-01","2024","8","เหล็กและโลหะ","24109050","ลวดเหล็กแรงดึงสูง","0.083421961","89.4946768"
"2024-08-01","2024","8","เหล็กและโลหะ","24109060","เหล็กรูปพรรณรีดร้อน","0.283247251","79.35740597"
"2024-08-01","2024","8","เหล็กและโลหะ","24109070","เหล็กโครงสร้างขึ้นรูปเย็น","0.069570356","79.03105597"
"2024-08-01","2024","8","ผลิตภัณฑ์โลหะแปรรูป","25949010","กระป๋องโลหะ","0.854641038","103.8893243"
"2024-08-01","2024","8","ผลิตภัณฑ์โลหะแปรรูป","25951010","ลวดเชื่อม","0.405670664","60.98045419"
"2024-08-01","2024","8","ผลิตภัณฑ์โลหะแปรรูป","25952010","สกรู นอต และตะปู","0.449289205","105.0357211"
"2024-08-01","2024","8","ผลิตภัณฑ์โลหะแปรรูป","25952020","สปริง","0.023669901","76.57011817"
"2024-08-01","2024","8","ผลิตภัณฑ์โลหะแปรรูป","25992010","เครื่องครัวและเครื่องใช้โลหะ","0.227088934","62.7492646"
"2024-08-01","2024","8","อุปกรณ์ไฟฟ้า","27101010","มอเตอร์ไฟฟ้า","0.459952015","82.96589237"
"2024-08-01","2024","8","อุปกรณ์ไฟฟ้า","27102010","หม้อแปลงไฟฟ้า","0.220429572","92.24216265"
"2024-08-01","2024","8","อุปกรณ์ไฟฟ้า","27320010","สายไฟฟ้า","0.224009076","80.80134511"
"2024-08-01","2024","8","อุปกรณ์ไฟฟ้า","27320020","สายเคเบิล","0.16203404","67.75332246"
"2024-08-01","2024","8","เครื่องจักร","28110010","เครื่องยนต์ดีเซลเพื่อการเกษตร","0.186177876","80.2162862"
"2024-08-01","2024","8","เครื่องจักร","28191010","ชุดคอนเดนซิ่งเครื่องปรับอากาศ","1.411701472","78.86073563"
"2024-08-01","2024","8","เครื่องจักร","28191020","ชุดแฟนคอยล์เครื่องปรับอากาศ","0.977811884","74.84580962"
"2024-08-01","2024","8","เครื่องจักร","28191030","คอมเพรสเซอร์","0.556634387","95.11634907"
"2024-08-01","2024","8","เครื่องจักร","28191040","เครื่องปรับอากาศแบบหน้าต่าง","0.199945353","47.32663323"
"2024-09-01","2024","9","เหล็กและโลหะ","24102010","เหล็กแผ่นรีดร้อน","0.570217861","67.47413636"
"2024-09-01","2024","9","เหล็กและโลหะ","24102020","เหล็กแผ่นรีดเย็น","0.324853077","65.421282"
"2024-09-01","2024","9","เหล็กและโลหะ","24102030","เหล็กแผ่นเคลือบสังกะสี","0.389212591","73.38926954"
"2024-09-01","2024","9","เหล็กและโลหะ","24102040","เหล็กแผ่นเคลือบดีบุก","0.045511445","106.9600951"
"2024-09-01","2024","9","เหล็กและโลหะ","24102050","เหล็กแผ่นเคลือบโครเมียม","0.043343601","134.3348714"
"2024-09-01","2024","9","เหล็กและโลหะ","24103010","ท่อเหล็ก","0.822579882","111.7547108"
"2024-09-01","2024","9","เหล็กและโลหะ","24109010","เหล็กเส้นกลม","0.088363944","103.2276673"
"2024-09-01","2024","9","เหล็กและโลหะ","24109020","เหล็กข้ออ้อย","0.289745853","106.3896287"
"2024-09-01","2024","9","เหล็กและโลหะ","24109030","เหล็กลวด","0.232286423","72.28107359"
"2024-09-01","2024","9","เหล็กและโลหะ","24109040","ลวดเหล็ก","0.165507535","75.08525183"
"2024-09-01","2024","9","เหล็กและโลหะ","24109050","ลวดเหล็กแรงดึงสูง","0.083421961","83.09641853"
"2024-09-01","2024","9","เหล็กและโลหะ","24109060","เหล็กรูปพรรณรีดร้อน","0.283247251","81.93207784"
"2024-09-01","2024","9","เหล็กและโลหะ","24109070","เหล็กโครงสร้างขึ้นรูปเย็น","0.069570356","83.55425751"
"2024-09-01","2024","9","ผลิตภัณฑ์โลหะแปรรูป","25949010","กระป๋องโลหะ","0.854641038","101.382886"
"2024-09-01","2024","9","ผลิตภัณฑ์โลหะแปรรูป","25951010","ลวดเชื่อม","0.405670664","60.65286455"
"2024-09-01","2024","9","ผลิตภัณฑ์โลหะแปรรูป","25952010","สกรู นอต และตะปู","0.449289205","97.4952727"
"2024-09-01","2024","9","ผลิตภัณฑ์โลหะแปรรูป","25952020","สปริง","0.023669901","100.4950498"
"2024-09-01","2024","9","ผลิตภัณฑ์โลหะแปรรูป","25992010","เครื่องครัวและเครื่องใช้โลหะ","0.227088934","54.53666564"
"2024-09-01","2024","9","อุปกรณ์ไฟฟ้า","27101010","มอเตอร์ไฟฟ้า","0.459952015","92.21290691"
"2024-09-01","2024","9","อุปกรณ์ไฟฟ้า","27102010","หม้อแปลงไฟฟ้า","0.220429572","130.5770104"
"2024-09-01","2024","9","อุปกรณ์ไฟฟ้า","27320010","สายไฟฟ้า","0.224009076","92.56743119"
"2024-09-01","2024","9","อุปกรณ์ไฟฟ้า","27320020","สายเคเบิล","0.16203404","60.53044273"
"2024-09-01","2024","9","เครื่องจักร","28110010","เครื่องยนต์ดีเซลเพื่อการเกษตร","0.186177876","95.24970013"
"2024-09-01","2024","9","เครื่องจักร","28191010","ชุดคอนเดนซิ่งเครื่องปรับอากาศ","1.411701472","95.40006478"
"2024-09-01","2024","9","เครื่องจักร","28191020","ชุดแฟนคอยล์เครื่องปรับอากาศ","0.977811884","91.5802718"
"2024-09-01","2024","9","เครื่องจักร","28191030","คอมเพรสเซอร์","0.556634387","100.6960084"
"2024-09-01","2024","9","เครื่องจักร","28191040","เครื่องปรับอากาศแบบหน้าต่าง","0.199945353","119.6931048"
"2024-10-01","2024","10","เหล็กและโลหะ","24102010","เหล็กแผ่นรีดร้อน","0.570217861","87.77388619"
"2024-10-01","2024","10","เหล็กและโลหะ","24102020","เหล็กแผ่นรีดเย็น","0.324853077","60.43081241"
"2024-10-01","2024","10","เหล็กและโลหะ","24102030","เหล็กแผ่นเคลือบสังกะสี","0.389212591","76.25867668"
"2024-10-01","2024","10","เหล็กและโลหะ","24102040","เหล็กแผ่นเคลือบดีบุก","0.045511445","109.4799959"
"2024-10-01","2024","10","เหล็กและโลหะ","24102050","เหล็กแผ่นเคลือบโครเมียม","0.043343601","129.2341811"
"2024-10-01","2024","10","เหล็กและโลหะ","24103010","ท่อเหล็ก","0.822579882","107.0477356"
"2024-10-01","2024","10","เหล็กและโลหะ","24109010","เหล็กเส้นกลม","0.088363944","61.78760509"
"2024-10-01","2024","10","เหล็กและโลหะ","24109020","เหล็กข้ออ้อย","0.289745853","112.1753726"
"2024-10-01","2024","10","เหล็กและโลหะ","24109030","เหล็กลวด","0.232286423","53.38985744"
"2024-10-01","2024","10","เหล็กและโลหะ","24109040","ลวดเหล็ก","0.165507535","82.57521658"
"2024-10-01","2024","10","เหล็กและโลหะ","24109050","ลวดเหล็กแรงดึงสูง","0.083421961","76.45202041"
"2024-10-01","2024","10","เหล็กและโลหะ","24109060","เหล็กรูปพรรณรีดร้อน","0.283247251","81.42690497"
"2024-10-01","2024","10","เหล็กและโลหะ","24109070","เหล็กโครงสร้างขึ้นรูปเย็น","0.069570356","87.01917827"
"2024-10-01","2024","10","ผลิตภัณฑ์โลหะแปรรูป","25949010","กระป๋องโลหะ","0.854641038","102.613944"
"2024-10-01","2024","10","ผลิตภัณฑ์โลหะแปรรูป","25951010","ลวดเชื่อม","0.405670664","75.94005958"
"2024-10-01","2024","10","ผลิตภัณฑ์โลหะแปรรูป","25952010","สกรู นอต และตะปู","0.449289205","94.97696025"
"2024-10-01","2024","10","ผลิตภัณฑ์โลหะแปรรูป","25952020","สปริง","0.023669901","72.37641416"
"2024-10-01","2024","10","ผลิตภัณฑ์โลหะแปรรูป","25992010","เครื่องครัวและเครื่องใช้โลหะ","0.227088934","53.79835366"
"2024-10-01","2024","10","อุปกรณ์ไฟฟ้า","27101010","มอเตอร์ไฟฟ้า","0.459952015","104.0567528"
"2024-10-01","2024","10","อุปกรณ์ไฟฟ้า","27102010","หม้อแปลงไฟฟ้า","0.220429572","130.5770104"
"2024-10-01","2024","10","อุปกรณ์ไฟฟ้า","27320010","สายไฟฟ้า","0.224009076","91.64258888"
"2024-10-01","2024","10","อุปกรณ์ไฟฟ้า","27320020","สายเคเบิล","0.16203404","45.04615005"
"2024-10-01","2024","10","เครื่องจักร","28110010","เครื่องยนต์ดีเซลเพื่อการเกษตร","0.186177876","93.78748358"
"2024-10-01","2024","10","เครื่องจักร","28191010","ชุดคอนเดนซิ่งเครื่องปรับอากาศ","1.411701472","94.16621564"
"2024-10-01","2024","10","เครื่องจักร","28191020","ชุดแฟนคอยล์เครื่องปรับอากาศ","0.977811884","96.50914764"
"2024-10-01","2024","10","เครื่องจักร","28191030","คอมเพรสเซอร์","0.556634387","97.53511278"
"2024-10-01","2024","10","เครื่องจักร","28191040","เครื่องปรับอากาศแบบหน้าต่าง","0.199945353","301.1514093"
"2024-11-01","2024","11","เหล็กและโลหะ","24102010","เหล็กแผ่นรีดร้อน","0.570217861","93.7976293"
"2024-11-01","2024","11","เหล็กและโลหะ","24102020","เหล็กแผ่นรีดเย็น","0.324853077","74.26611733"
"2024-11-01","2024","11","เหล็กและโลหะ","24102030","เหล็กแผ่นเคลือบสังกะสี","0.389212591","68.38019302"
"2024-11-01","2024","11","เหล็กและโลหะ","24102040","เหล็กแผ่นเคลือบดีบุก","0.045511445","93.87211827"
"2024-11-01","2024","11","เหล็กและโลหะ","24102050","เหล็กแผ่นเคลือบโครเมียม","0.043343601","130.5791036"
"2024-11-01","2024","11","เหล็กและโลหะ","24103010","ท่อเหล็ก","0.822579882","102.9319748"
"2024-11-01","2024","11","เหล็กและโลหะ","24109010","เหล็กเส้นกลม","0.088363944","93.55983478"
"2024-11-01","2024","11","เหล็กและโลหะ","24109020","เหล็กข้ออ้อย","0.289745853","107.7091241"
"2024-11-01","2024","11","เหล็กและโลหะ","24109030","เหล็กลวด","0.232286423","65.48691091"
"2024-11-01","2024","11","เหล็กและโลหะ","24109040","ลวดเหล็ก","0.165507535","82.7824167"
"2024-11-01","2024","11","เหล็กและโลหะ","24109050","ลวดเหล็กแรงดึงสูง","0.083421961","84.15616706"
"2024-11-01","2024","11","เหล็กและโลหะ","24109060","เหล็กรูปพรรณรีดร้อน","0.283247251","76.47304244"
"2024-11-01","2024","11","เหล็กและโลหะ","24109070","เหล็กโครงสร้างขึ้นรูปเย็น","0.069570356","79.48520978"
"2024-11-01","2024","11","ผลิตภัณฑ์โลหะแปรรูป","25949010","กระป๋องโลหะ","0.854641038","108.6040386"
"2024-11-01","2024","11","ผลิตภัณฑ์โลหะแปรรูป","25951010","ลวดเชื่อม","0.405670664","75.75357065"
"2024-11-01","2024","11","ผลิตภัณฑ์โลหะแปรรูป","25952010","สกรู นอต และตะปู","0.449289205","104.9367443"
"2024-11-01","2024","11","ผลิตภัณฑ์โลหะแปรรูป","25952020","สปริง","0.023669901","74.16195054"
"2024-11-01","2024","11","ผลิตภัณฑ์โลหะแปรรูป","25992010","เครื่องครัวและเครื่องใช้โลหะ","0.227088934","63.00314103"
"2024-11-01","2024","11","อุปกรณ์ไฟฟ้า","27101010","มอเตอร์ไฟฟ้า","0.459952015","103.2983084"
"2024-11-01","2024","11","อุปกรณ์ไฟฟ้า","27102010","หม้อแปลงไฟฟ้า","0.220429572","178.1803726"
"2024-11-01","2024","11","อุปกรณ์ไฟฟ้า","27320010","สายไฟฟ้า","0.224009076","92.58531262"
"2024-11-01","2024","11","อุปกรณ์ไฟฟ้า","27320020","สายเคเบิล","0.16203404","50.57455677"
"2024-11-01","2024","11","เครื่องจักร","28110010","เครื่องยนต์ดีเซลเพื่อการเกษตร","0.186177876","102.1495345"
"2024-11-01","2024","11","เครื่องจักร","28191010","ชุดคอนเดนซิ่งเครื่องปรับอากาศ","1.411701472","108.1175935"
"2024-11-01","2024","11","เครื่องจักร","28191020","ชุดแฟนคอยล์เครื่องปรับอากาศ","0.977811884","107.5084379"
"2024-11-01","2024","11","เครื่องจักร","28191030","คอมเพรสเซอร์","0.556634387","106.7788431"
"2024-11-01","2024","11","เครื่องจักร","28191040","เครื่องปรับอากาศแบบหน้าต่าง","0.199945353","315.4397535"
"2024-12-01","2024","12","เหล็กและโลหะ","24102010","เหล็กแผ่นรีดร้อน","0.570217861","54.76695986"
"2024-12-01","2024","12","เหล็กและโลหะ","24102020","เหล็กแผ่นรีดเย็น","0.324853077","54.7754552"
"2024-12-01","2024","12","เหล็กและโลหะ","24102030","เหล็กแผ่นเคลือบสังกะสี","0.389212591","67.16064431"
"2024-12-01","2024","12","เหล็กและโลหะ","24102040","เหล็กแผ่นเคลือบดีบุก","0.045511445","79.66763155"
"2024-12-01","2024","12","เหล็กและโลหะ","24102050","เหล็กแผ่นเคลือบโครเมียม","0.043343601","107.6224201"
"2024-12-01","2024","12","เหล็กและโลหะ","24103010","ท่อเหล็ก","0.822579882","98.55265956"
"2024-12-01","2024","12","เหล็กและโลหะ","24109010","เหล็กเส้นกลม","0.088363944","68.60083907"
"2024-12-01","2024","12","เหล็กและโลหะ","24109020","เหล็กข้ออ้อย","0.289745853","112.4519202"
"2024-12-01","2024","12","เหล็กและโลหะ","24109030","เหล็กลวด","0.232286423","62.14510125"
"2024-12-01","2024","12","เหล็กและโลหะ","24109040","ลวดเหล็ก","0.165507535","72.53067942"
"2024-12-01","2024","12","เหล็กและโลหะ","24109050","ลวดเหล็กแรงดึงสูง","0.083421961","67.27587497"
"2024-12-01","2024","12","เหล็กและโลหะ","24109060","เหล็กรูปพรรณรีดร้อน","0.283247251","70.96933973"
"2024-12-01","2024","12","เหล็กและโลหะ","24109070","เหล็กโครงสร้างขึ้นรูปเย็น","0.069570356","82.48742406"
"2024-12-01","2024","12","ผลิตภัณฑ์โลหะแปรรูป","25949010","กระป๋องโลหะ","0.854641038","93.30341169"
"2024-12-01","2024","12","ผลิตภัณฑ์โลหะแปรรูป","25951010","ลวดเชื่อม","0.405670664","75.6104454"
"2024-12-01","2024","12","ผลิตภัณฑ์โลหะแปรรูป","25952010","สกรู นอต และตะปู","0.449289205","78.45011482"
"2024-12-01","2024","12","ผลิตภัณฑ์โลหะแปรรูป","25952020","สปริง","0.023669901","69.97307687"
"2024-12-01","2024","12","ผลิตภัณฑ์โลหะแปรรูป","25992010","เครื่องครัวและเครื่องใช้โลหะ","0.227088934","46.03629794"
"2024-12-01","2024","12","อุปกรณ์ไฟฟ้า","27101010","มอเตอร์ไฟฟ้า","0.459952015","88.09100468"
"2024-12-01","2024","12","อุปกรณ์ไฟฟ้า","27102010","หม้อแปลงไฟฟ้า","0.220429572","119.5365743"
"2024-12-01","2024","12","อุปกรณ์ไฟฟ้า","27320010","สายไฟฟ้า","0.224009076","82.90140936"
"2024-12-01","2024","12","อุปกรณ์ไฟฟ้า","27320020","สายเคเบิล","0.16203404","47.01488359"
"2024-12-01","2024","12","เครื่องจักร","28110010","เครื่องยนต์ดีเซลเพื่อการเกษตร","0.186177876","97.44302496"
"2024-12-01","2024","12","เครื่องจักร","28191010","ชุดคอนเดนซิ่งเครื่องปรับอากาศ","1.411701472","93.16453495"
"2024-12-01","2024","12","เครื่องจักร","28191020","ชุดแฟนคอยล์เครื่องปรับอากาศ","0.977811884","99.57495424"
"2024-12-01","2024","12","เครื่องจักร","28191030","คอมเพรสเซอร์","0.556634387","88.42830392"
"2024-12-01","2024","12","เครื่องจักร","28191040","เครื่องปรับอากาศแบบหน้าต่าง","0.199945353","384.9413986"
"2025-01-01","2025","1","เหล็กและโลหะ","24102010","เหล็กแผ่นรีดร้อน","0.570217861","87.72762503"
"2025-01-01","2025","1","เหล็กและโลหะ","24102020","เหล็กแผ่นรีดเย็น","0.324853077","76.02300662"
"2025-01-01","2025","1","เหล็กและโลหะ","24102030","เหล็กแผ่นเคลือบสังกะสี","0.389212591","65.72610943"
"2025-01-01","2025","1","เหล็กและโลหะ","24102040","เหล็กแผ่นเคลือบดีบุก","0.045511445","78.73465574"
"2025-01-01","2025","1","เหล็กและโลหะ","24102050","เหล็กแผ่นเคลือบโครเมียม","0.043343601","123.5799835"
"2025-01-01","2025","1","เหล็กและโลหะ","24103010","ท่อเหล็ก","0.822579882","115.0766116"
"2025-01-01","2025","1","เหล็กและโลหะ","24109010","เหล็กเส้นกลม","0.088363944","103.8294588"
"2025-01-01","2025","1","เหล็กและโลหะ","24109020","เหล็กข้ออ้อย","0.289745853","101.3712885"
"2025-01-01","2025","1","เหล็กและโลหะ","24109030","เหล็กลวด","0.232286423","73.15073297"
"2025-01-01","2025","1","เหล็กและโลหะ","24109040","ลวดเหล็ก","0.165507535","85.98966288"
"2025-01-01","2025","1","เหล็กและโลหะ","24109050","ลวดเหล็กแรงดึงสูง","0.083421961","84.80982941"
"2025-01-01","2025","1","เหล็กและโลหะ","24109060","เหล็กรูปพรรณรีดร้อน","0.283247251","89.73855953"
"2025-01-01","2025","1","เหล็กและโลหะ","24109070","เหล็กโครงสร้างขึ้นรูปเย็น","0.069570356","89.01316737"
"2025-01-01","2025","1","ผลิตภัณฑ์โลหะแปรรูป","25949010","กระป๋องโลหะ","0.854641038","97.4311174"
"2025-01-01","2025","1","ผลิตภัณฑ์โลหะแปรรูป","25951010","ลวดเชื่อม","0.405670664","78.62238049"
"2025-01-01","2025","1","ผลิตภัณฑ์โลหะแปรรูป","25952010","สกรู นอต และตะปู","0.449289205","108.6381056"
"2025-01-01","2025","1","ผลิตภัณฑ์โลหะแปรรูป","25952020","สปริง","0.023669901","88.61554513"
"2025-01-01","2025","1","ผลิตภัณฑ์โลหะแปรรูป","25992010","เครื่องครัวและเครื่องใช้โลหะ","0.227088934","47.41774682"
"2025-01-01","2025","1","อุปกรณ์ไฟฟ้า","27101010","มอเตอร์ไฟฟ้า","0.459952015","96.30188102"
"2025-01-01","2025","1","อุปกรณ์ไฟฟ้า","27102010","หม้อแปลงไฟฟ้า","0.220429572","112.9600182"
"2025-01-01","2025","1","อุปกรณ์ไฟฟ้า","27320010","สายไฟฟ้า","0.224009076","90.55401396"
"2025-01-01","2025","1","อุปกรณ์ไฟฟ้า","27320020","สายเคเบิล","0.16203404","65.19652862"
"2025-01-01","2025","1","เครื่องจักร","28110010","เครื่องยนต์ดีเซลเพื่อการเกษตร","0.186177876","116.2690631"
"2025-01-01","2025","1","เครื่องจักร","28191010","ชุดคอนเดนซิ่งเครื่องปรับอากาศ","1.411701472","122.1695564"
"2025-01-01","2025","1","เครื่องจักร","28191020","ชุดแฟนคอยล์เครื่องปรับอากาศ","0.977811884","125.7017967"
"2025-01-01","2025","1","เครื่องจักร","28191030","คอมเพรสเซอร์","0.556634387","103.8331723"
"2025-01-01","2025","1","เครื่องจักร","28191040","เครื่องปรับอากาศแบบหน้าต่าง","0.199945353","427.9663738"
"2025-02-01","2025","2","เหล็กและโลหะ","24102010","เหล็กแผ่นรีดร้อน","0.570217861","94.33987635"
"2025-02-01","2025","2","เหล็กและโลหะ","24102020","เหล็กแผ่นรีดเย็น","0.324853077","41.03128259"
"2025-02-01","2025","2","เหล็กและโลหะ","24102030","เหล็กแผ่นเคลือบสังกะสี","0.389212591","70.38799614"
"2025-02-01","2025","2","เหล็กและโลหะ","24102040","เหล็กแผ่นเคลือบดีบุก","0.045511445","92.0345291"
"2025-02-01","2025","2","เหล็กและโลหะ","24102050","เหล็กแผ่นเคลือบโครเมียม","0.043343601","122.8619165"
"2025-02-01","2025","2","เหล็กและโลหะ","24103010","ท่อเหล็ก","0.822579882","120.2050351"
"2025-02-01","2025","2","เหล็กและโลหะ","24109010","เหล็กเส้นกลม","0.088363944","72.26598591"
"2025-02-01","2025","2","เหล็กและโลหะ","24109020","เหล็กข้ออ้อย","0.289745853","96.77108815"
"2025-02-01","2025","2","เหล็กและโลหะ","24109030","เหล็กลวด","0.232286423","71.54109773"
"2025-02-01","2025","2","เหล็กและโลหะ","24109040","ลวดเหล็ก","0.165507535","76.51765617"
"2025-02-01","2025","2","เหล็กและโลหะ","24109050","ลวดเหล็กแรงดึงสูง","0.083421961","81.88063644"
"2025-02-01","2025","2","เหล็กและโลหะ","24109060","เหล็กรูปพรรณรีดร้อน","0.283247251","79.25381452"
"2025-02-01","2025","2","เหล็กและโลหะ","24109070","เหล็กโครงสร้างขึ้นรูปเย็น","0.069570356","99.63536275"
"2025-02-01","2025","2","ผลิตภัณฑ์โลหะแปรรูป","25949010","กระป๋องโลหะ","0.854641038","96.55626437"
"2025-02-01","2025","2","ผลิตภัณฑ์โลหะแปรรูป","25951010","ลวดเชื่อม","0.405670664","81.29374962"
"2025-02-01","2025","2","ผลิตภัณฑ์โลหะแปรรูป","25952010","สกรู นอต และตะปู","0.449289205","92.7352062"
"2025-02-01","2025","2","ผลิตภัณฑ์โลหะแปรรูป","25952020","สปริง","0.023669901","77.87914119"
"2025-02-01","2025","2","ผลิตภัณฑ์โลหะแปรรูป","25992010","เครื่องครัวและเครื่องใช้โลหะ","0.227088934","68.52381785"
"2025-02-01","2025","2","อุปกรณ์ไฟฟ้า","27101010","มอเตอร์ไฟฟ้า","0.459952015","99.88705488"
"2025-02-01","2025","2","อุปกรณ์ไฟฟ้า","27102010","หม้อแปลงไฟฟ้า","0.220429572","91.83325761"
"2025-02-01","2025","2","อุปกรณ์ไฟฟ้า","27320010","สายไฟฟ้า","0.224009076","98.99999142"
"2025-02-01","2025","2","อุปกรณ์ไฟฟ้า","27320020","สายเคเบิล","0.16203404","66.03896557"
"2025-02-01","2025","2","เครื่องจักร","28110010","เครื่องยนต์ดีเซลเพื่อการเกษตร","0.186177876","117.4799612"
"2025-02-01","2025","2","เครื่องจักร","28191010","ชุดคอนเดนซิ่งเครื่องปรับอากาศ","1.411701472","141.5727238"
"2025-02-01","2025","2","เครื่องจักร","28191020","ชุดแฟนคอยล์เครื่องปรับอากาศ","0.977811884","132.552705"
"2025-02-01","2025","2","เครื่องจักร","28191030","คอมเพรสเซอร์","0.556634387","103.5625009"
"2025-02-01","2025","2","เครื่องจักร","28191040","เครื่องปรับอากาศแบบหน้าต่าง","0.199945353","448.0979213"
"2025-03-01","2025","3","เหล็กและโลหะ","24102010","เหล็กแผ่นรีดร้อน","0.570217861","83.92255144"
"2025-03-01","2025","3","เหล็กและโลหะ","24102020","เหล็กแผ่นรีดเย็น","0.324853077","60.18071707"
"2025-03-01","2025","3","เหล็กและโลหะ","24102030","เหล็กแผ่นเคลือบสังกะสี","0.389212591","73.25517579"
"2025-03-01","2025","3","เหล็กและโลหะ","24102040","เหล็กแผ่นเคลือบดีบุก","0.045511445","97.66359971"
"2025-03-01","2025","3","เหล็กและโลหะ","24102050","เหล็กแผ่นเคลือบโครเมียม","0.043343601","161.6482455"
"2025-03-01","2025","3","เหล็กและโลหะ","24103010","ท่อเหล็ก","0.822579882","123.3335429"
"2025-03-01","2025","3","เหล็กและโลหะ","24109010","เหล็กเส้นกลม","0.088363944","84.99556143"
"2025-03-01","2025","3","เหล็กและโลหะ","24109020","เหล็กข้ออ้อย","0.289745853","125.4954617"
"2025-03-01","2025","3","เหล็กและโลหะ","24109030","เหล็กลวด","0.232286423","80.47380903"
"2025-03-01","2025","3","เหล็กและโลหะ","24109040","ลวดเหล็ก","0.165507535","85.5830796"
"2025-03-01","2025","3","เหล็กและโลหะ","24109050","ลวดเหล็กแรงดึงสูง","0.083421961","91.31579019"
"2025-03-01","2025","3","เหล็กและโลหะ","24109060","เหล็กรูปพรรณรีดร้อน","0.283247251","91.40132351"
"2025-03-01","2025","3","เหล็กและโลหะ","24109070","เหล็กโครงสร้างขึ้นรูปเย็น","0.069570356","102.3476594"
"2025-03-01","2025","3","ผลิตภัณฑ์โลหะแปรรูป","25949010","กระป๋องโลหะ","0.854641038","109.7110026"
"2025-03-01","2025","3","ผลิตภัณฑ์โลหะแปรรูป","25951010","ลวดเชื่อม","0.405670664","89.97784432"
"2025-03-01","2025","3","ผลิตภัณฑ์โลหะแปรรูป","25952010","สกรู นอต และตะปู","0.449289205","120.7542611"
"2025-03-01","2025","3","ผลิตภัณฑ์โลหะแปรรูป","25952020","สปริง","0.023669901","86.58076304"
"2025-03-01","2025","3","ผลิตภัณฑ์โลหะแปรรูป","25992010","เครื่องครัวและเครื่องใช้โลหะ","0.227088934","79.4469732"
"2025-03-01","2025","3","อุปกรณ์ไฟฟ้า","27101010","มอเตอร์ไฟฟ้า","0.459952015","117.1019761"
"2025-03-01","2025","3","อุปกรณ์ไฟฟ้า","27102010","หม้อแปลงไฟฟ้า","0.220429572","89.89095866"
"2025-03-01","2025","3","อุปกรณ์ไฟฟ้า","27320010","สายไฟฟ้า","0.224009076","113.6497023"
"2025-03-01","2025","3","อุปกรณ์ไฟฟ้า","27320020","สายเคเบิล","0.16203404","69.44093895"
"2025-03-01","2025","3","เครื่องจักร","28110010","เครื่องยนต์ดีเซลเพื่อการเกษตร","0.186177876","109.5520058"
"2025-03-01","2025","3","เครื่องจักร","28191010","ชุดคอนเดนซิ่งเครื่องปรับอากาศ","1.411701472","166.7470729"
"2025-03-01","2025","3","เครื่องจักร","28191020","ชุดแฟนคอยล์เครื่องปรับอากาศ","0.977811884","151.5378285"
"2025-03-01","2025","3","เครื่องจักร","28191030","คอมเพรสเซอร์","0.556634387","118.0337443"
"2025-03-01","2025","3","เครื่องจักร","28191040","เครื่องปรับอากาศแบบหน้าต่าง","0.199945353","705.9168417"
"2025-04-01","2025","4","เหล็กและโลหะ","24102010","เหล็กแผ่นรีดร้อน","0.570217861","80.93602092"
"2025-04-01","2025","4","เหล็กและโลหะ","24102020","เหล็กแผ่นรีดเย็น","0.324853077","52.06754787"
"2025-04-01","2025","4","เหล็กและโลหะ","24102030","เหล็กแผ่นเคลือบสังกะสี","0.389212591","69.23129765"
"2025-04-01","2025","4","เหล็กและโลหะ","24102040","เหล็กแผ่นเคลือบดีบุก","0.045511445","71.93735139"
"2025-04-01","2025","4","เหล็กและโลหะ","24102050","เหล็กแผ่นเคลือบโครเมียม","0.043343601","136.1591015"
"2025-04-01","2025","4","เหล็กและโลหะ","24103010","ท่อเหล็ก","0.822579882","99.14760305"
"2025-04-01","2025","4","เหล็กและโลหะ","24109010","เหล็กเส้นกลม","0.088363944","75.86917607"
"2025-04-01","2025","4","เหล็กและโลหะ","24109020","เหล็กข้ออ้อย","0.289745853","96.11404299"
"2025-04-01","2025","4","เหล็กและโลหะ","24109030","เหล็กลวด","0.232286423","75.70145986"
"2025-04-01","2025","4","เหล็กและโลหะ","24109040","ลวดเหล็ก","0.165507535","76.22325411"
"2025-04-01","2025","4","เหล็กและโลหะ","24109050","ลวดเหล็กแรงดึงสูง","0.083421961","75.84269078"
"2025-04-01","2025","4","เหล็กและโลหะ","24109060","เหล็กรูปพรรณรีดร้อน","0.283247251","88.52602857"
"2025-04-01","2025","4","เหล็กและโลหะ","24109070","เหล็กโครงสร้างขึ้นรูปเย็น","0.069570356","75.38793933"
"2025-04-01","2025","4","ผลิตภัณฑ์โลหะแปรรูป","25949010","กระป๋องโลหะ","0.854641038","101.2751878"
"2025-04-01","2025","4","ผลิตภัณฑ์โลหะแปรรูป","25951010","ลวดเชื่อม","0.405670664","74.15258476"
"2025-04-01","2025","4","ผลิตภัณฑ์โลหะแปรรูป","25952010","สกรู นอต และตะปู","0.449289205","89.24500656"
"2025-04-01","2025","4","ผลิตภัณฑ์โลหะแปรรูป","25952020","สปริง","0.023669901","68.37737298"
"2025-04-01","2025","4","ผลิตภัณฑ์โลหะแปรรูป","25992010","เครื่องครัวและเครื่องใช้โลหะ","0.227088934","64.09346681"
"2025-04-01","2025","4","อุปกรณ์ไฟฟ้า","27101010","มอเตอร์ไฟฟ้า","0.459952015","99.81401432"
"2025-04-01","2025","4","อุปกรณ์ไฟฟ้า","27102010","หม้อแปลงไฟฟ้า","0.220429572","62.11949114"
"2025-04-01","2025","4","อุปกรณ์ไฟฟ้า","27320010","สายไฟฟ้า","0.224009076","97.47645139"
"2025-04-01","2025","4","อุปกรณ์ไฟฟ้า","27320020","สายเคเบิล","0.16203404","65.15241839"
"2025-04-01","2025","4","เครื่องจักร","28110010","เครื่องยนต์ดีเซลเพื่อการเกษตร","0.186177876","80.696076"
"2025-04-01","2025","4","เครื่องจักร","28191010","ชุดคอนเดนซิ่งเครื่องปรับอากาศ","1.411701472","153.4369374"
"2025-04-01","2025","4","เครื่องจักร","28191020","ชุดแฟนคอยล์เครื่องปรับอากาศ","0.977811884","142.3503757"
"2025-04-01","2025","4","เครื่องจักร","28191030","คอมเพรสเซอร์","0.556634387","103.8613878"
"2025-04-01","2025","4","เครื่องจักร","28191040","เครื่องปรับอากาศแบบหน้าต่าง","0.199945353","207.6588306"
"2025-05-01","2025","5","เหล็กและโลหะ","24102010","เหล็กแผ่นรีดร้อน","0.570217861","104.1200462"
"2025-05-01","2025","5","เหล็กและโลหะ","24102020","เหล็กแผ่นรีดเย็น","0.324853077","56.75872043"
"2025-05-01","2025","5","เหล็กและโลหะ","24102030","เหล็กแผ่นเคลือบสังกะสี","0.389212591","84.62815914"
"2025-05-01","2025","5","เหล็กและโลหะ","24102040","เหล็กแผ่นเคลือบดีบุก","0.045511445","111.3098315"
"2025-05-01","2025","5","เหล็กและโลหะ","24102050","เหล็กแผ่นเคลือบโครเมียม","0.043343601","164.9247058"
"2025-05-01","2025","5","เหล็กและโลหะ","24103010","ท่อเหล็ก","0.822579882","130.8474531"
"2025-05-01","2025","5","เหล็กและโลหะ","24109010","เหล็กเส้นกลม","0.088363944","105.0897173"
"2025-05-01","2025","5","เหล็กและโลหะ","24109020","เหล็กข้ออ้อย","0.289745853","113.7619329"
"2025-05-01","2025","5","เหล็กและโลหะ","24109030","เหล็กลวด","0.232286423","72.64951081"
"2025-05-01","2025","5","เหล็กและโลหะ","24109040","ลวดเหล็ก","0.165507535","82.3070208"
"2025-05-01","2025","5","เหล็กและโลหะ","24109050","ลวดเหล็กแรงดึงสูง","0.083421961","89.4831366"
"2025-05-01","2025","5","เหล็กและโลหะ","24109060","เหล็กรูปพรรณรีดร้อน","0.283247251","84.76897639"
"2025-05-01","2025","5","เหล็กและโลหะ","24109070","เหล็กโครงสร้างขึ้นรูปเย็น","0.069570356","86.39798614"
"2025-05-01","2025","5","ผลิตภัณฑ์โลหะแปรรูป","25949010","กระป๋องโลหะ","0.854641038","101.2281005"
"2025-05-01","2025","5","ผลิตภัณฑ์โลหะแปรรูป","25951010","ลวดเชื่อม","0.405670664","94.68208163"
"2025-05-01","2025","5","ผลิตภัณฑ์โลหะแปรรูป","25952010","สกรู นอต และตะปู","0.449289205","104.628247"
"2025-05-01","2025","5","ผลิตภัณฑ์โลหะแปรรูป","25952020","สปริง","0.023669901","83.26038509"
"2025-05-01","2025","5","ผลิตภัณฑ์โลหะแปรรูป","25992010","เครื่องครัวและเครื่องใช้โลหะ","0.227088934","51.13081611"
"2025-05-01","2025","5","อุปกรณ์ไฟฟ้า","27101010","มอเตอร์ไฟฟ้า","0.459952015","108.5277929"
"2025-05-01","2025","5","อุปกรณ์ไฟฟ้า","27102010","หม้อแปลงไฟฟ้า","0.220429572","65.22035438"
"2025-05-01","2025","5","อุปกรณ์ไฟฟ้า","27320010","สายไฟฟ้า","0.224009076","104.9219933"
"2025-05-01","2025","5","อุปกรณ์ไฟฟ้า","27320020","สายเคเบิล","0.16203404","72.52819836"
"2025-05-01","2025","5","เครื่องจักร","28110010","เครื่องยนต์ดีเซลเพื่อการเกษตร","0.186177876","103.3604326"
"2025-05-01","2025","5","เครื่องจักร","28191010","ชุดคอนเดนซิ่งเครื่องปรับอากาศ","1.411701472","131.6813007"
"2025-05-01","2025","5","เครื่องจักร","28191020","ชุดแฟนคอยล์เครื่องปรับอากาศ","0.977811884","130.0879876"
"2025-05-01","2025","5","เครื่องจักร","28191030","คอมเพรสเซอร์","0.556634387","115.602732"
"2025-05-01","2025","5","เครื่องจักร","28191040","เครื่องปรับอากาศแบบหน้าต่าง","0.199945353","126.9550246"
"2025-06-01","2025","6","เหล็กและโลหะ","24102010","เหล็กแผ่นรีดร้อน","0.570217861","68.00197218"
"2025-06-01","2025","6","เหล็กและโลหะ","24102020","เหล็กแผ่นรีดเย็น","0.324853077","61.91842221"
"2025-06-01","2025","6","เหล็กและโลหะ","24102030","เหล็กแผ่นเคลือบสังกะสี","0.389212591","78.80265787"
"2025-06-01","2025","6","เหล็กและโลหะ","24102040","เหล็กแผ่นเคลือบดีบุก","0.045511445","130.7402047"
"2025-06-01","2025","6","เหล็กและโลหะ","24102050","เหล็กแผ่นเคลือบโครเมียม","0.043343601","129.055335"
"2025-06-01","2025","6","เหล็กและโลหะ","24103010","ท่อเหล็ก","0.822579882","124.3984858"
"2025-06-01","2025","6","เหล็กและโลหะ","24109010","เหล็กเส้นกลม","0.088363944","118.3234587"
"2025-06-01","2025","6","เหล็กและโลหะ","24109020","เหล็กข้ออ้อย","0.289745853","127.9250037"
"2025-06-01","2025","6","เหล็กและโลหะ","24109030","เหล็กลวด","0.232286423","60.602368"
"2025-06-01","2025","6","เหล็กและโลหะ","24109040","ลวดเหล็ก","0.165507535","76.745019"
"2025-06-01","2025","6","เหล็กและโลหะ","24109050","ลวดเหล็กแรงดึงสูง","0.083421961","87.03300365"
"2025-06-01","2025","6","เหล็กและโลหะ","24109060","เหล็กรูปพรรณรีดร้อน","0.283247251","80.79501447"
"2025-06-01","2025","6","เหล็กและโลหะ","24109070","เหล็กโครงสร้างขึ้นรูปเย็น","0.069570356","90.44958511"
"2025-06-01","2025","6","ผลิตภัณฑ์โลหะแปรรูป","25949010","กระป๋องโลหะ","0.854641038","99.70041898"
"2025-06-01","2025","6","ผลิตภัณฑ์โลหะแปรรูป","25951010","ลวดเชื่อม","0.405670664","90.32508162"
"2025-06-01","2025","6","ผลิตภัณฑ์โลหะแปรรูป","25952010","สกรู นอต และตะปู","0.449289205","105.2072972"
"2025-06-01","2025","6","ผลิตภัณฑ์โลหะแปรรูป","25952020","สปริง","0.023669901","69.15409218"
"2025-06-01","2025","6","ผลิตภัณฑ์โลหะแปรรูป","25992010","เครื่องครัวและเครื่องใช้โลหะ","0.227088934","42.0614237"
"2025-06-01","2025","6","อุปกรณ์ไฟฟ้า","27101010","มอเตอร์ไฟฟ้า","0.459952015","94.21393882"
"2025-06-01","2025","6","อุปกรณ์ไฟฟ้า","27102010","หม้อแปลงไฟฟ้า","0.220429572","144.6160836"
"2025-06-01","2025","6","อุปกรณ์ไฟฟ้า","27320010","สายไฟฟ้า","0.224009076","95.49119014"
"2025-06-01","2025","6","อุปกรณ์ไฟฟ้า","27320020","สายเคเบิล","0.16203404","60.59809366"
"2025-06-01","2025","6","เครื่องจักร","28110010","เครื่องยนต์ดีเซลเพื่อการเกษตร","0.186177876","96.18643261"
"2025-06-01","2025","6","เครื่องจักร","28191010","ชุดคอนเดนซิ่งเครื่องปรับอากาศ","1.411701472","88.09969276"
"2025-06-01","2025","6","เครื่องจักร","28191020","ชุดแฟนคอยล์เครื่องปรับอากาศ","0.977811884","91.71794573"
"2025-06-01","2025","6","เครื่องจักร","28191030","คอมเพรสเซอร์","0.556634387","110.2550299"
"2025-06-01","2025","6","เครื่องจักร","28191040","เครื่องปรับอากาศแบบหน้าต่าง","0.199945353","44.61865642"
"2025-07-01","2025","7","เหล็กและโลหะ","24102010","เหล็กแผ่นรีดร้อน","0.570217861","88.66431647"
"2025-07-01","2025","7","เหล็กและโลหะ","24102020","เหล็กแผ่นรีดเย็น","0.324853077","60.84789214"
"2025-07-01","2025","7","เหล็กและโลหะ","24102030","เหล็กแผ่นเคลือบสังกะสี","0.389212591","80.74753595"
"2025-07-01","2025","7","เหล็กและโลหะ","24102040","เหล็กแผ่นเคลือบดีบุก","0.045511445","109.2551432"
"2025-07-01","2025","7","เหล็กและโลหะ","24102050","เหล็กแผ่นเคลือบโครเมียม","0.043343601","169.0453196"
"2025-07-01","2025","7","เหล็กและโลหะ","24103010","ท่อเหล็ก","0.822579882","124.4436628"
"2025-07-01","2025","7","เหล็กและโลหะ","24109010","เหล็กเส้นกลม","0.088363944","120.0735937"
"2025-07-01","2025","7","เหล็กและโลหะ","24109020","เหล็กข้ออ้อย","0.289745853","137.3456355"
"2025-07-01","2025","7","เหล็กและโลหะ","24109030","เหล็กลวด","0.232286423","79.38253128"
"2025-07-01","2025","7","เหล็กและโลหะ","24109040","ลวดเหล็ก","0.165507535","74.16395059"
"2025-07-01","2025","7","เหล็กและโลหะ","24109050","ลวดเหล็กแรงดึงสูง","0.083421961","84.44154718"
"2025-07-01","2025","7","เหล็กและโลหะ","24109060","เหล็กรูปพรรณรีดร้อน","0.283247251","87.46029258"
"2025-07-01","2025","7","เหล็กและโลหะ","24109070","เหล็กโครงสร้างขึ้นรูปเย็น","0.069570356","74.23117313"
"2025-07-01","2025","7","ผลิตภัณฑ์โลหะแปรรูป","25949010","กระป๋องโลหะ","0.854641038","98.03208191"
"2025-07-01","2025","7","ผลิตภัณฑ์โลหะแปรรูป","25951010","ลวดเชื่อม","0.405670664","80.55889993"
"2025-07-01","2025","7","ผลิตภัณฑ์โลหะแปรรูป","25952010","สกรู นอต และตะปู","0.449289205","99.96650084"
"2025-07-01","2025","7","ผลิตภัณฑ์โลหะแปรรูป","25952020","สปริง","0.023669901","85.47654657"
"2025-07-01","2025","7","ผลิตภัณฑ์โลหะแปรรูป","25992010","เครื่องครัวและเครื่องใช้โลหะ","0.227088934","53.68202857"
"2025-07-01","2025","7","อุปกรณ์ไฟฟ้า","27101010","มอเตอร์ไฟฟ้า","0.459952015","98.54658103"
"2025-07-01","2025","7","อุปกรณ์ไฟฟ้า","27102010","หม้อแปลงไฟฟ้า","0.220429572","134.8705134"
"2025-07-01","2025","7","อุปกรณ์ไฟฟ้า","27320010","สายไฟฟ้า","0.224009076","92.09289979"
"2025-07-01","2025","7","อุปกรณ์ไฟฟ้า","27320020","สายเคเบิล","0.16203404","52.95742372"
"2025-07-01","2025","7","เครื่องจักร","28110010","เครื่องยนต์ดีเซลเพื่อการเกษตร","0.186177876","97.78573197"
"2025-07-01","2025","7","เครื่องจักร","28191010","ชุดคอนเดนซิ่งเครื่องปรับอากาศ","1.411701472","71.30703065"
"2025-07-01","2025","7","เครื่องจักร","28191020","ชุดแฟนคอยล์เครื่องปรับอากาศ","0.977811884","70.93663374"
"2025-07-01","2025","7","เครื่องจักร","28191030","คอมเพรสเซอร์","0.556634387","109.8526864"
"2025-07-01","2025","7","เครื่องจักร","28191040","เครื่องปรับอากาศแบบหน้าต่าง","0.199945353","47.09864888"
"2025-08-01","2025","8","เหล็กและโลหะ","24102010","เหล็กแผ่นรีดร้อน","0.570217861","103.046104"
"2025-08-01","2025","8","เหล็กและโลหะ","24102020","เหล็กแผ่นรีดเย็น","0.324853077","61.78803714"
"2025-08-01","2025","8","เหล็กและโลหะ","24102030","เหล็กแผ่นเคลือบสังกะสี","0.389212591","80.66092094"
"2025-08-01","2025","8","เหล็กและโลหะ","24102040","เหล็กแผ่นเคลือบดีบุก","0.045511445","99.44691409"
"2025-08-01","2025","8","เหล็กและโลหะ","24102050","เหล็กแผ่นเคลือบโครเมียม","0.043343601","154.5516329"
"2025-08-01","2025","8","เหล็กและโลหะ","24103010","ท่อเหล็ก","0.822579882","124.4138003"
"2025-08-01","2025","8","เหล็กและโลหะ","24109010","เหล็กเส้นกลม","0.088363944","127.0655362"
"2025-08-01","2025","8","เหล็กและโลหะ","24109020","เหล็กข้ออ้อย","0.289745853","148.2702234"
"2025-08-01","2025","8","เหล็กและโลหะ","24109030","เหล็กลวด","0.232286423","85.71270985"
"2025-08-01","2025","8","เหล็กและโลหะ","24109040","ลวดเหล็ก","0.165507535","74.785374"
"2025-08-01","2025","8","เหล็กและโลหะ","24109050","ลวดเหล็กแรงดึงสูง","0.083421961","80.73532475"
"2025-08-01","2025","8","เหล็กและโลหะ","24109060","เหล็กรูปพรรณรีดร้อน","0.283247251","88.70900432"
"2025-08-01","2025","8","เหล็กและโลหะ","24109070","เหล็กโครงสร้างขึ้นรูปเย็น","0.069570356","89.36665466"
"2025-08-01","2025","8","ผลิตภัณฑ์โลหะแปรรูป","25949010","กระป๋องโลหะ","0.854641038","107.7097632"
"2025-08-01","2025","8","ผลิตภัณฑ์โลหะแปรรูป","25951010","ลวดเชื่อม","0.405670664","75.43855243"
"2025-08-01","2025","8","ผลิตภัณฑ์โลหะแปรรูป","25952010","สกรู นอต และตะปู","0.449289205","94.04247661"
"2025-08-01","2025","8","ผลิตภัณฑ์โลหะแปรรูป","25952020","สปริง","0.023669901","85.35723709"
"2025-08-01","2025","8","ผลิตภัณฑ์โลหะแปรรูป","25992010","เครื่องครัวและเครื่องใช้โลหะ","0.227088934","54.27676658"
"2025-08-01","2025","8","อุปกรณ์ไฟฟ้า","27101010","มอเตอร์ไฟฟ้า","0.459952015","77.80086719"
"2025-08-01","2025","8","อุปกรณ์ไฟฟ้า","27102010","หม้อแปลงไฟฟ้า","0.220429572","122.0922308"
"2025-08-01","2025","8","อุปกรณ์ไฟฟ้า","27320010","สายไฟฟ้า","0.224009076","96.41189885"
"2025-08-01","2025","8","อุปกรณ์ไฟฟ้า","27320020","สายเคเบิล","0.16203404","48.20037475"
"2025-08-01","2025","8","เครื่องจักร","28110010","เครื่องยนต์ดีเซลเพื่อการเกษตร","0.186177876","64.58884679"
"2025-08-01","2025","8","เครื่องจักร","28191010","ชุดคอนเดนซิ่งเครื่องปรับอากาศ","1.411701472","66.01376122"
"2025-08-01","2025","8","เครื่องจักร","28191020","ชุดแฟนคอยล์เครื่องปรับอากาศ","0.977811884","62.96244403"
"2025-08-01","2025","8","เครื่องจักร","28191030","คอมเพรสเซอร์","0.556634387","84.71359818"
"2025-08-01","2025","8","เครื่องจักร","28191040","เครื่องปรับอากาศแบบหน้าต่าง","0.199945353","67.30265658"
"2025-09-01","2025","9","เหล็กและโลหะ","24102010","เหล็กแผ่นรีดร้อน","0.570217861","102.1171861"
"2025-09-01","2025","9","เหล็กและโลหะ","24102020","เหล็กแผ่นรีดเย็น","0.324853077","56.86237885"
"2025-09-01","2025","9","เหล็กและโลหะ","24102030","เหล็กแผ่นเคลือบสังกะสี","0.389212591","74.42113288"
"2025-09-01","2025","9","เหล็กและโลหะ","24102040","เหล็กแผ่นเคลือบดีบุก","0.045511445","115.5975395"
"2025-09-01","2025","9","เหล็กและโลหะ","24102050","เหล็กแผ่นเคลือบโครเมียม","0.043343601","125.6214901"
"2025-09-01","2025","9","เหล็กและโลหะ","24103010","ท่อเหล็ก","0.822579882","110.9694676"
"2025-09-01","2025","9","เหล็กและโลหะ","24109010","เหล็กเส้นกลม","0.088363944","150.0570249"
"2025-09-01","2025","9","เหล็กและโลหะ","24109020","เหล็กข้ออ้อย","0.289745853","140.1246402"
"2025-09-01","2025","9","เหล็กและโลหะ","24109030","เหล็กลวด","0.232286423","75.44537257"
"2025-09-01","2025","9","เหล็กและโลหะ","24109040","ลวดเหล็ก","0.165507535","72.9689253"
"2025-09-01","2025","9","เหล็กและโลหะ","24109050","ลวดเหล็กแรงดึงสูง","0.083421961","79.38390595"
"2025-09-01","2025","9","เหล็กและโลหะ","24109060","เหล็กรูปพรรณรีดร้อน","0.283247251","94.4458874"
"2025-09-01","2025","9","เหล็กและโลหะ","24109070","เหล็กโครงสร้างขึ้นรูปเย็น","0.069570356","84.33989402"
"2025-09-01","2025","9","ผลิตภัณฑ์โลหะแปรรูป","25949010","กระป๋องโลหะ","0.854641038","102.953189"
"2025-09-01","2025","9","ผลิตภัณฑ์โลหะแปรรูป","25951010","ลวดเชื่อม","0.405670664","79.31139849"
"2025-09-01","2025","9","ผลิตภัณฑ์โลหะแปรรูป","25952010","สกรู นอต และตะปู","0.449289205","89.11736719"
"2025-09-01","2025","9","ผลิตภัณฑ์โลหะแปรรูป","25952020","สปริง","0.023669901","89.9900193"
"2025-09-01","2025","9","ผลิตภัณฑ์โลหะแปรรูป","25992010","เครื่องครัวและเครื่องใช้โลหะ","0.227088934","53.20593541"
"2025-09-01","2025","9","อุปกรณ์ไฟฟ้า","27101010","มอเตอร์ไฟฟ้า","0.459952015","78.72185675"
"2025-09-01","2025","9","อุปกรณ์ไฟฟ้า","27102010","หม้อแปลงไฟฟ้า","0.220429572","93.53702862"
"2025-09-01","2025","9","อุปกรณ์ไฟฟ้า","27320010","สายไฟฟ้า","0.224009076","105.0488801"
"2025-09-01","2025","9","อุปกรณ์ไฟฟ้า","27320020","สายเคเบิล","0.16203404","64.5431029"
"2025-09-01","2025","9","เครื่องจักร","28110010","เครื่องยนต์ดีเซลเพื่อการเกษตร","0.186177876","88.30417151"
"2025-09-01","2025","9","เครื่องจักร","28191010","ชุดคอนเดนซิ่งเครื่องปรับอากาศ","1.411701472","66.79289371"
"2025-09-01","2025","9","เครื่องจักร","28191020","ชุดแฟนคอยล์เครื่องปรับอากาศ","0.977811884","68.60409453"
"2025-09-01","2025","9","เครื่องจักร","28191030","คอมเพรสเซอร์","0.556634387","90.68969543"
"2025-09-01","2025","9","เครื่องจักร","28191040","เครื่องปรับอากาศแบบหน้าต่าง","0.199945353","154.8808973"
"2025-10-01","2025","10","เหล็กและโลหะ","24102010","เหล็กแผ่นรีดร้อน","0.570217861","91.3007721"
"2025-10-01","2025","10","เหล็กและโลหะ","24102020","เหล็กแผ่นรีดเย็น","0.324853077","58.67709506"
"2025-10-01","2025","10","เหล็กและโลหะ","24102030","เหล็กแผ่นเคลือบสังกะสี","0.389212591","69.95385396"
"2025-10-01","2025","10","เหล็กและโลหะ","24102040","เหล็กแผ่นเคลือบดีบุก","0.045511445","107.6113925"
"2025-10-01","2025","10","เหล็กและโลหะ","24102050","เหล็กแผ่นเคลือบโครเมียม","0.043343601","118.6107236"
"2025-10-01","2025","10","เหล็กและโลหะ","24103010","ท่อเหล็ก","0.822579882","113.7309195"
"2025-10-01","2025","10","เหล็กและโลหะ","24109010","เหล็กเส้นกลม","0.088363944","76.57457113"
"2025-10-01","2025","10","เหล็กและโลหะ","24109020","เหล็กข้ออ้อย","0.289745853","145.5996175"
"2025-10-01","2025","10","เหล็กและโลหะ","24109030","เหล็กลวด","0.232286423","92.28164433"
"2025-10-01","2025","10","เหล็กและโลหะ","24109040","ลวดเหล็ก","0.165507535","73.59905627"
"2025-10-01","2025","10","เหล็กและโลหะ","24109050","ลวดเหล็กแรงดึงสูง","0.083421961","78.3144813"
"2025-10-01","2025","10","เหล็กและโลหะ","24109060","เหล็กรูปพรรณรีดร้อน","0.283247251","81.14365079"
"2025-10-01","2025","10","เหล็กและโลหะ","24109070","เหล็กโครงสร้างขึ้นรูปเย็น","0.069570356","88.07338913"
"2025-10-01","2025","10","ผลิตภัณฑ์โลหะแปรรูป","25949010","กระป๋องโลหะ","0.854641038","107.4095851"
"2025-10-01","2025","10","ผลิตภัณฑ์โลหะแปรรูป","25951010","ลวดเชื่อม","0.405670664","73.57374023"
"2025-10-01","2025","10","ผลิตภัณฑ์โลหะแปรรูป","25952010","สกรู นอต และตะปู","0.449289205","86.37942878"
"2025-10-01","2025","10","ผลิตภัณฑ์โลหะแปรรูป","25952020","สปริง","0.023669901","81.00920362"
"2025-10-01","2025","10","ผลิตภัณฑ์โลหะแปรรูป","25992010","เครื่องครัวและเครื่องใช้โลหะ","0.227088934","52.58284854"
"2025-10-01","2025","10","อุปกรณ์ไฟฟ้า","27101010","มอเตอร์ไฟฟ้า","0.459952015","73.85278552"
"2025-10-01","2025","10","อุปกรณ์ไฟฟ้า","27102010","หม้อแปลงไฟฟ้า","0.220429572","63.14175375"
"2025-10-01","2025","10","อุปกรณ์ไฟฟ้า","27320010","สายไฟฟ้า","0.224009076","103.2374543"
"2025-10-01","2025","10","อุปกรณ์ไฟฟ้า","27320020","สายเคเบิล","0.16203404","65.84149798"
"2025-10-01","2025","10","เครื่องจักร","28110010","เครื่องยนต์ดีเซลเพื่อการเกษตร","0.186177876","84.07745178"
"2025-10-01","2025","10","เครื่องจักร","28191010","ชุดคอนเดนซิ่งเครื่องปรับอากาศ","1.411701472","73.09308152"
"2025-10-01","2025","10","เครื่องจักร","28191020","ชุดแฟนคอยล์เครื่องปรับอากาศ","0.977811884","75.13960095"
"2025-10-01","2025","10","เครื่องจักร","28191030","คอมเพรสเซอร์","0.556634387","92.69157044"
"2025-10-01","2025","10","เครื่องจักร","28191040","เครื่องปรับอากาศแบบหน้าต่าง","0.199945353","338.8638191"
"2025-11-01","2025","11","เหล็กและโลหะ","24102010","เหล็กแผ่นรีดร้อน","0.570217861","107.2285"
"2025-11-01","2025","11","เหล็กและโลหะ","24102020","เหล็กแผ่นรีดเย็น","0.324853077","60.42318755"
"2025-11-01","2025","11","เหล็กและโลหะ","24102030","เหล็กแผ่นเคลือบสังกะสี","0.389212591","72.79007891"
"2025-11-01","2025","11","เหล็กและโลหะ","24102040","เหล็กแผ่นเคลือบดีบุก","0.045511445","113.5583583"
"2025-11-01","2025","11","เหล็กและโลหะ","24102050","เหล็กแผ่นเคลือบโครเมียม","0.043343601","135.4294095"
"2025-11-01","2025","11","เหล็กและโลหะ","24103010","ท่อเหล็ก","0.822579882","112.0910207"
"2025-11-01","2025","11","เหล็กและโลหะ","24109010","เหล็กเส้นกลม","0.088363944","66.43647529"
"2025-11-01","2025","11","เหล็กและโลหะ","24109020","เหล็กข้ออ้อย","0.289745853","132.992882"
"2025-11-01","2025","11","เหล็กและโลหะ","24109030","เหล็กลวด","0.232286423","83.10873496"
"2025-11-01","2025","11","เหล็กและโลหะ","24109040","ลวดเหล็ก","0.165507535","69.85867365"
"2025-11-01","2025","11","เหล็กและโลหะ","24109050","ลวดเหล็กแรงดึงสูง","0.083421961","79.30901848"
"2025-11-01","2025","11","เหล็กและโลหะ","24109060","เหล็กรูปพรรณรีดร้อน","0.283247251","89.28045407"
"2025-11-01","2025","11","เหล็กและโลหะ","24109070","เหล็กโครงสร้างขึ้นรูปเย็น","0.069570356","87.21521018"
"2025-11-01","2025","11","ผลิตภัณฑ์โลหะแปรรูป","25949010","กระป๋องโลหะ","0.854641038","101.9562181"
"2025-11-01","2025","11","ผลิตภัณฑ์โลหะแปรรูป","25951010","ลวดเชื่อม","0.405670664","79.9364989"
"2025-11-01","2025","11","ผลิตภัณฑ์โลหะแปรรูป","25952010","สกรู นอต และตะปู","0.449289205","83.15762582"
"2025-11-01","2025","11","ผลิตภัณฑ์โลหะแปรรูป","25952020","สปริง","0.023669901","81.27124974"
"2025-11-01","2025","11","ผลิตภัณฑ์โลหะแปรรูป","25992010","เครื่องครัวและเครื่องใช้โลหะ","0.227088934","53.64982435"
"2025-11-01","2025","11","อุปกรณ์ไฟฟ้า","27101010","มอเตอร์ไฟฟ้า","0.459952015","74.38352696"
"2025-11-01","2025","11","อุปกรณ์ไฟฟ้า","27102010","หม้อแปลงไฟฟ้า","0.220429572","43.48023626"
"2025-11-01","2025","11","อุปกรณ์ไฟฟ้า","27320010","สายไฟฟ้า","0.224009076","98.7390731"
"2025-11-01","2025","11","อุปกรณ์ไฟฟ้า","27320020","สายเคเบิล","0.16203404","69.91289562"
"2025-11-01","2025","11","เครื่องจักร","28110010","เครื่องยนต์ดีเซลเพื่อการเกษตร","0.186177876","46.31113988"
"2025-11-01","2025","11","เครื่องจักร","28191010","ชุดคอนเดนซิ่งเครื่องปรับอากาศ","1.411701472","104.8493845"
"2025-11-01","2025","11","เครื่องจักร","28191020","ชุดแฟนคอยล์เครื่องปรับอากาศ","0.977811884","102.8719562"
"2025-11-01","2025","11","เครื่องจักร","28191030","คอมเพรสเซอร์","0.556634387","88.06161247"
"2025-11-01","2025","11","เครื่องจักร","28191040","เครื่องปรับอากาศแบบหน้าต่าง","0.199945353","456.9402675"
"2025-12-01","2025","12","เหล็กและโลหะ","24102010","เหล็กแผ่นรีดร้อน","0.570217861","94.74902754"
"2025-12-01","2025","12","เหล็กและโลหะ","24102020","เหล็กแผ่นรีดเย็น","0.324853077","48.36447456"
"2025-12-01","2025","12","เหล็กและโลหะ","24102030","เหล็กแผ่นเคลือบสังกะสี","0.389212591","63.58169429"
"2025-12-01","2025","12","เหล็กและโลหะ","24102040","เหล็กแผ่นเคลือบดีบุก","0.045511445","122.6377546"
"2025-12-01","2025","12","เหล็กและโลหะ","24102050","เหล็กแผ่นเคลือบโครเมียม","0.043343601","126.6015667"
"2025-12-01","2025","12","เหล็กและโลหะ","24103010","ท่อเหล็ก","0.822579882","107.4769387"
"2025-12-01","2025","12","เหล็กและโลหะ","24109010","เหล็กเส้นกลม","0.088363944","103.6638762"
"2025-12-01","2025","12","เหล็กและโลหะ","24109020","เหล็กข้ออ้อย","0.289745853","130.3475457"
"2025-12-01","2025","12","เหล็กและโลหะ","24109030","เหล็กลวด","0.232286423","54.16297526"
"2025-12-01","2025","12","เหล็กและโลหะ","24109040","ลวดเหล็ก","0.165507535","68.04851547"
"2025-12-01","2025","12","เหล็กและโลหะ","24109050","ลวดเหล็กแรงดึงสูง","0.083421961","71.96325733"
"2025-12-01","2025","12","เหล็กและโลหะ","24109060","เหล็กรูปพรรณรีดร้อน","0.283247251","86.25286757"
"2025-12-01","2025","12","เหล็กและโลหะ","24109070","เหล็กโครงสร้างขึ้นรูปเย็น","0.069570356","70.88550753"
"2025-12-01","2025","12","ผลิตภัณฑ์โลหะแปรรูป","25949010","กระป๋องโลหะ","0.854641038","95.64781059"
"2025-12-01","2025","12","ผลิตภัณฑ์โลหะแปรรูป","25951010","ลวดเชื่อม","0.405670664","70.8120574"
"2025-12-01","2025","12","ผลิตภัณฑ์โลหะแปรรูป","25952010","สกรู นอต และตะปู","0.449289205","72.53138797"
"2025-12-01","2025","12","ผลิตภัณฑ์โลหะแปรรูป","25952020","สปริง","0.023669901","78.27088203"
"2025-12-01","2025","12","ผลิตภัณฑ์โลหะแปรรูป","25992010","เครื่องครัวและเครื่องใช้โลหะ","0.227088934","40.22935533"
"2025-12-01","2025","12","อุปกรณ์ไฟฟ้า","27101010","มอเตอร์ไฟฟ้า","0.459952015","66.09681616"
"2025-12-01","2025","12","อุปกรณ์ไฟฟ้า","27102010","หม้อแปลงไฟฟ้า","0.220429572","119.7069514"
"2025-12-01","2025","12","อุปกรณ์ไฟฟ้า","27320010","สายไฟฟ้า","0.224009076","105.8693788"
"2025-12-01","2025","12","อุปกรณ์ไฟฟ้า","27320020","สายเคเบิล","0.16203404","66.65628032"
"2025-12-01","2025","12","เครื่องจักร","28110010","เครื่องยนต์ดีเซลเพื่อการเกษตร","0.186177876","44.04927365"
"2025-12-01","2025","12","เครื่องจักร","28191010","ชุดคอนเดนซิ่งเครื่องปรับอากาศ","1.411701472","102.7826364"
"2025-12-01","2025","12","เครื่องจักร","28191020","ชุดแฟนคอยล์เครื่องปรับอากาศ","0.977811884","97.87918026"
"2025-12-01","2025","12","เครื่องจักร","28191030","คอมเพรสเซอร์","0.556634387","81.49692788"
"2025-12-01","2025","12","เครื่องจักร","28191040","เครื่องปรับอากาศแบบหน้าต่าง","0.199945353","363.7450405"
"2026-01-01","2026","1","เหล็กและโลหะ","24102010","เหล็กแผ่นรีดร้อน","0.570217861","107.4300797"
"2026-01-01","2026","1","เหล็กและโลหะ","24102020","เหล็กแผ่นรีดเย็น","0.324853077","61.59817818"
"2026-01-01","2026","1","เหล็กและโลหะ","24102030","เหล็กแผ่นเคลือบสังกะสี","0.389212591","71.82903491"
"2026-01-01","2026","1","เหล็กและโลหะ","24102040","เหล็กแผ่นเคลือบดีบุก","0.045511445","110.0227437"
"2026-01-01","2026","1","เหล็กและโลหะ","24102050","เหล็กแผ่นเคลือบโครเมียม","0.043343601","130.9177189"
"2026-01-01","2026","1","เหล็กและโลหะ","24103010","ท่อเหล็ก","0.822579882","112.9032631"
"2026-01-01","2026","1","เหล็กและโลหะ","24109010","เหล็กเส้นกลม","0.088363944","135.4843091"
"2026-01-01","2026","1","เหล็กและโลหะ","24109020","เหล็กข้ออ้อย","0.289745853","126.9860396"
"2026-01-01","2026","1","เหล็กและโลหะ","24109030","เหล็กลวด","0.232286423","99.0630048"
"2026-01-01","2026","1","เหล็กและโลหะ","24109040","ลวดเหล็ก","0.165507535","76.07971752"
"2026-01-01","2026","1","เหล็กและโลหะ","24109050","ลวดเหล็กแรงดึงสูง","0.083421961","81.30089798"
"2026-01-01","2026","1","เหล็กและโลหะ","24109060","เหล็กรูปพรรณรีดร้อน","0.283247251","89.57916208"
"2026-01-01","2026","1","เหล็กและโลหะ","24109070","เหล็กโครงสร้างขึ้นรูปเย็น","0.069570356","96.81206774"
"2026-01-01","2026","1","ผลิตภัณฑ์โลหะแปรรูป","25949010","กระป๋องโลหะ","0.854641038","93.35024984"
"2026-01-01","2026","1","ผลิตภัณฑ์โลหะแปรรูป","25951010","ลวดเชื่อม","0.405670664","80.80411976"
"2026-01-01","2026","1","ผลิตภัณฑ์โลหะแปรรูป","25952010","สกรู นอต และตะปู","0.449289205","90.7257648"
"2026-01-01","2026","1","ผลิตภัณฑ์โลหะแปรรูป","25952020","สปริง","0.023669901","76.93529212"
"2026-01-01","2026","1","ผลิตภัณฑ์โลหะแปรรูป","25992010","เครื่องครัวและเครื่องใช้โลหะ","0.227088934","43.12683123"
"2026-01-01","2026","1","อุปกรณ์ไฟฟ้า","27101010","มอเตอร์ไฟฟ้า","0.459952015","73.61530393"
"2026-01-01","2026","1","อุปกรณ์ไฟฟ้า","27102010","หม้อแปลงไฟฟ้า","0.220429572","109.7569287"
"2026-01-01","2026","1","อุปกรณ์ไฟฟ้า","27320010","สายไฟฟ้า","0.224009076","109.642849"
"2026-01-01","2026","1","อุปกรณ์ไฟฟ้า","27320020","สายเคเบิล","0.16203404","66.48601024"
"2026-01-01","2026","1","เครื่องจักร","28110010","เครื่องยนต์ดีเซลเพื่อการเกษตร","0.186177876","69.72945186"
"2026-01-01","2026","1","เครื่องจักร","28191010","ชุดคอนเดนซิ่งเครื่องปรับอากาศ","1.411701472","121.4242016"
"2026-01-01","2026","1","เครื่องจักร","28191020","ชุดแฟนคอยล์เครื่องปรับอากาศ","0.977811884","121.8989967"
"2026-01-01","2026","1","เครื่องจักร","28191030","คอมเพรสเซอร์","0.556634387","98.39262177"
"2026-01-01","2026","1","เครื่องจักร","28191040","เครื่องปรับอากาศแบบหน้าต่าง","0.199945353","490.0192049"
"2026-02-01","2026","2","เหล็กและโลหะ","24102010","เหล็กแผ่นรีดร้อน","0.570217861","117.2702717"
"2026-02-01","2026","2","เหล็กและโลหะ","24102020","เหล็กแผ่นรีดเย็น","0.324853077","68.42166364"
"2026-02-01","2026","2","เหล็กและโลหะ","24102030","เหล็กแผ่นเคลือบสังกะสี","0.389212591","64.79853205"
"2026-02-01","2026","2","เหล็กและโลหะ","24102040","เหล็กแผ่นเคลือบดีบุก","0.045511445","46.12581412"
"2026-02-01","2026","2","เหล็กและโลหะ","24102050","เหล็กแผ่นเคลือบโครเมียม","0.043343601","39.03852345"
"2026-02-01","2026","2","เหล็กและโลหะ","24103010","ท่อเหล็ก","0.822579882","125.017503"
"2026-02-01","2026","2","เหล็กและโลหะ","24109010","เหล็กเส้นกลม","0.088363944","140.3721094"
"2026-02-01","2026","2","เหล็กและโลหะ","24109020","เหล็กข้ออ้อย","0.289745853","117.6691081"
"2026-02-01","2026","2","เหล็กและโลหะ","24109030","เหล็กลวด","0.232286423","86.16586669"
"2026-02-01","2026","2","เหล็กและโลหะ","24109040","ลวดเหล็ก","0.165507535","78.49496517"
"2026-02-01","2026","2","เหล็กและโลหะ","24109050","ลวดเหล็กแรงดึงสูง","0.083421961","86.29403028"
"2026-02-01","2026","2","เหล็กและโลหะ","24109060","เหล็กรูปพรรณรีดร้อน","0.283247251","86.93652175"
"2026-02-01","2026","2","เหล็กและโลหะ","24109070","เหล็กโครงสร้างขึ้นรูปเย็น","0.069570356","87.83627444"
"2026-02-01","2026","2","ผลิตภัณฑ์โลหะแปรรูป","25949010","กระป๋องโลหะ","0.854641038","96.88476257"
"2026-02-01","2026","2","ผลิตภัณฑ์โลหะแปรรูป","25951010","ลวดเชื่อม","0.405670664","83.20707362"
"2026-02-01","2026","2","ผลิตภัณฑ์โลหะแปรรูป","25952010","สกรู นอต และตะปู","0.449289205","90.84742449"
"2026-02-01","2026","2","ผลิตภัณฑ์โลหะแปรรูป","25952020","สปริง","0.023669901","87.8284407"
"2026-02-01","2026","2","ผลิตภัณฑ์โลหะแปรรูป","25992010","เครื่องครัวและเครื่องใช้โลหะ","0.227088934","39.76021052"
"2026-02-01","2026","2","อุปกรณ์ไฟฟ้า","27101010","มอเตอร์ไฟฟ้า","0.459952015","74.18126847"
"2026-02-01","2026","2","อุปกรณ์ไฟฟ้า","27102010","หม้อแปลงไฟฟ้า","0.220429572","113.7437528"
"2026-02-01","2026","2","อุปกรณ์ไฟฟ้า","27320010","สายไฟฟ้า","0.224009076","118.3619079"
"2026-02-01","2026","2","อุปกรณ์ไฟฟ้า","27320020","สายเคเบิล","0.16203404","80.12338677"
"2026-02-01","2026","2","เครื่องจักร","28110010","เครื่องยนต์ดีเซลเพื่อการเกษตร","0.186177876","64.40606972"
"2026-02-01","2026","2","เครื่องจักร","28191010","ชุดคอนเดนซิ่งเครื่องปรับอากาศ","1.411701472","126.7846346"
"2026-02-01","2026","2","เครื่องจักร","28191020","ชุดแฟนคอยล์เครื่องปรับอากาศ","0.977811884","120.2412896"
"2026-02-01","2026","2","เครื่องจักร","28191030","คอมเพรสเซอร์","0.556634387","113.5914518"
"2026-02-01","2026","2","เครื่องจักร","28191040","เครื่องปรับอากาศแบบหน้าต่าง","0.199945353","307.9308506"
"2026-03-01","2026","3","เหล็กและโลหะ","24102010","เหล็กแผ่นรีดร้อน","0.570217861","107.8288395"
"2026-03-01","2026","3","เหล็กและโลหะ","24102020","เหล็กแผ่นรีดเย็น","0.324853077","77.37553444"
"2026-03-01","2026","3","เหล็กและโลหะ","24102030","เหล็กแผ่นเคลือบสังกะสี","0.389212591","83.94680001"
"2026-03-01","2026","3","เหล็กและโลหะ","24102040","เหล็กแผ่นเคลือบดีบุก","0.045511445","115.7371033"
"2026-03-01","2026","3","เหล็กและโลหะ","24102050","เหล็กแผ่นเคลือบโครเมียม","0.043343601","113.8176485"
"2026-03-01","2026","3","เหล็กและโลหะ","24103010","ท่อเหล็ก","0.822579882","132.9685349"
"2026-03-01","2026","3","เหล็กและโลหะ","24109010","เหล็กเส้นกลม","0.088363944","108.5517168"
"2026-03-01","2026","3","เหล็กและโลหะ","24109020","เหล็กข้ออ้อย","0.289745853","150.7418255"
"2026-03-01","2026","3","เหล็กและโลหะ","24109030","เหล็กลวด","0.232286423","109.1233015"
"2026-03-01","2026","3","เหล็กและโลหะ","24109040","ลวดเหล็ก","0.165507535","82.49973037"
"2026-03-01","2026","3","เหล็กและโลหะ","24109050","ลวดเหล็กแรงดึงสูง","0.083421961","91.33833928"
"2026-03-01","2026","3","เหล็กและโลหะ","24109060","เหล็กรูปพรรณรีดร้อน","0.283247251","93.67530966"
"2026-03-01","2026","3","เหล็กและโลหะ","24109070","เหล็กโครงสร้างขึ้นรูปเย็น","0.069570356","110.64705"
"2026-03-01","2026","3","ผลิตภัณฑ์โลหะแปรรูป","25949010","กระป๋องโลหะ","0.854641038","111.096074"
"2026-03-01","2026","3","ผลิตภัณฑ์โลหะแปรรูป","25951010","ลวดเชื่อม","0.405670664","86.68388135"
"2026-03-01","2026","3","ผลิตภัณฑ์โลหะแปรรูป","25952010","สกรู นอต และตะปู","0.449289205","109.1035934"
"2026-03-01","2026","3","ผลิตภัณฑ์โลหะแปรรูป","25952020","สปริง","0.023669901","79.26351756"
"2026-03-01","2026","3","ผลิตภัณฑ์โลหะแปรรูป","25992010","เครื่องครัวและเครื่องใช้โลหะ","0.227088934","45.96268674"
"2026-03-01","2026","3","อุปกรณ์ไฟฟ้า","27101010","มอเตอร์ไฟฟ้า","0.459952015","80.72448518"
"2026-03-01","2026","3","อุปกรณ์ไฟฟ้า","27102010","หม้อแปลงไฟฟ้า","0.220429572","137.187642"
"2026-03-01","2026","3","อุปกรณ์ไฟฟ้า","27320010","สายไฟฟ้า","0.224009076","125.3971806"
"2026-03-01","2026","3","อุปกรณ์ไฟฟ้า","27320020","สายเคเบิล","0.16203404","86.20831383"
"2026-03-01","2026","3","เครื่องจักร","28110010","เครื่องยนต์ดีเซลเพื่อการเกษตร","0.186177876","71.37444548"
"2026-03-01","2026","3","เครื่องจักร","28191010","ชุดคอนเดนซิ่งเครื่องปรับอากาศ","1.411701472","157.9538535"
"2026-03-01","2026","3","เครื่องจักร","28191020","ชุดแฟนคอยล์เครื่องปรับอากาศ","0.977811884","144.6453759"
"2026-03-01","2026","3","เครื่องจักร","28191030","คอมเพรสเซอร์","0.556634387","115.6527105"
"2026-03-01","2026","3","เครื่องจักร","28191040","เครื่องปรับอากาศแบบหน้าต่าง","0.199945353","577.0495763"
"2026-04-01","2026","4","เหล็กและโลหะ","24102010","เหล็กแผ่นรีดร้อน","0.570217861","91.94945444"
"2026-04-01","2026","4","เหล็กและโลหะ","24102020","เหล็กแผ่นรีดเย็น","0.324853077","62.40717561"
"2026-04-01","2026","4","เหล็กและโลหะ","24102030","เหล็กแผ่นเคลือบสังกะสี","0.389212591","69.71076449"
"2026-04-01","2026","4","เหล็กและโลหะ","24102040","เหล็กแผ่นเคลือบดีบุก","0.045511445","111.8448258"
"2026-04-01","2026","4","เหล็กและโลหะ","24102050","เหล็กแผ่นเคลือบโครเมียม","0.043343601","110.7128805"
"2026-04-01","2026","4","เหล็กและโลหะ","24103010","ท่อเหล็ก","0.822579882","112.2417508"
"2026-04-01","2026","4","เหล็กและโลหะ","24109010","เหล็กเส้นกลม","0.088363944","67.88560731"
"2026-04-01","2026","4","เหล็กและโลหะ","24109020","เหล็กข้ออ้อย","0.289745853","113.9061378"
"2026-04-01","2026","4","เหล็กและโลหะ","24109030","เหล็กลวด","0.232286423","102.9420995"
"2026-04-01","2026","4","เหล็กและโลหะ","24109040","ลวดเหล็ก","0.165507535","71.89329443"
"2026-04-01","2026","4","เหล็กและโลหะ","24109050","ลวดเหล็กแรงดึงสูง","0.083421961","83.57437946"
"2026-04-01","2026","4","เหล็กและโลหะ","24109060","เหล็กรูปพรรณรีดร้อน","0.283247251","80.77695006"
"2026-04-01","2026","4","เหล็กและโลหะ","24109070","เหล็กโครงสร้างขึ้นรูปเย็น","0.069570356","83.57601367"
"2026-04-01","2026","4","ผลิตภัณฑ์โลหะแปรรูป","25949010","กระป๋องโลหะ","0.854641038","92.44855293"
"2026-04-01","2026","4","ผลิตภัณฑ์โลหะแปรรูป","25951010","ลวดเชื่อม","0.405670664","66.18423196"
"2026-04-01","2026","4","ผลิตภัณฑ์โลหะแปรรูป","25952010","สกรู นอต และตะปู","0.449289205","89.96092629"
"2026-04-01","2026","4","ผลิตภัณฑ์โลหะแปรรูป","25952020","สปริง","0.023669901","64.49281094"
"2026-04-01","2026","4","ผลิตภัณฑ์โลหะแปรรูป","25992010","เครื่องครัวและเครื่องใช้โลหะ","0.227088934","51.11200763"
"2026-04-01","2026","4","อุปกรณ์ไฟฟ้า","27101010","มอเตอร์ไฟฟ้า","0.459952015","68.70612026"
"2026-04-01","2026","4","อุปกรณ์ไฟฟ้า","27102010","หม้อแปลงไฟฟ้า","0.220429572","121.9559291"
"2026-04-01","2026","4","อุปกรณ์ไฟฟ้า","27320010","สายไฟฟ้า","0.224009076","94.87595804"
"2026-04-01","2026","4","อุปกรณ์ไฟฟ้า","27320020","สายเคเบิล","0.16203404","61.89831714"
"2026-04-01","2026","4","เครื่องจักร","28110010","เครื่องยนต์ดีเซลเพื่อการเกษตร","0.186177876","57.11783409"
"2026-04-01","2026","4","เครื่องจักร","28191010","ชุดคอนเดนซิ่งเครื่องปรับอากาศ","1.411701472","127.0222188"
"2026-04-01","2026","4","เครื่องจักร","28191020","ชุดแฟนคอยล์เครื่องปรับอากาศ","0.977811884","115.2910205"
"2026-04-01","2026","4","เครื่องจักร","28191030","คอมเพรสเซอร์","0.556634387","120.4812702"
"2026-04-01","2026","4","เครื่องจักร","28191040","เครื่องปรับอากาศแบบหน้าต่าง","0.199945353","78.06519645"
"2026-05-01","2026","5","เหล็กและโลหะ","24102010","เหล็กแผ่นรีดร้อน","0.570217861","126.2587237"
"2026-05-01","2026","5","เหล็กและโลหะ","24102020","เหล็กแผ่นรีดเย็น","0.324853077","58.77011833"
"2026-05-01","2026","5","เหล็กและโลหะ","24102030","เหล็กแผ่นเคลือบสังกะสี","0.389212591","79.94581076"
"2026-05-01","2026","5","เหล็กและโลหะ","24102040","เหล็กแผ่นเคลือบดีบุก","0.045511445","106.3475654"
"2026-05-01","2026","5","เหล็กและโลหะ","24102050","เหล็กแผ่นเคลือบโครเมียม","0.043343601","97.57842401"
"2026-05-01","2026","5","เหล็กและโลหะ","24103010","ท่อเหล็ก","0.822579882","130.5734933"
"2026-05-01","2026","5","เหล็กและโลหะ","24109010","เหล็กเส้นกลม","0.088363944","92.24477661"
"2026-05-01","2026","5","เหล็กและโลหะ","24109020","เหล็กข้ออ้อย","0.289745853","137.83452"
"2026-05-01","2026","5","เหล็กและโลหะ","24109030","เหล็กลวด","0.232286423","115.262013"
"2026-05-01","2026","5","เหล็กและโลหะ","24109040","ลวดเหล็ก","0.165507535","77.13218811"
"2026-05-01","2026","5","เหล็กและโลหะ","24109050","ลวดเหล็กแรงดึงสูง","0.083421961","93.74131525"
"2026-05-01","2026","5","เหล็กและโลหะ","24109060","เหล็กรูปพรรณรีดร้อน","0.283247251","100.0107931"
"2026-05-01","2026","5","เหล็กและโลหะ","24109070","เหล็กโครงสร้างขึ้นรูปเย็น","0.069570356","95.51022397"
"2026-05-01","2026","5","ผลิตภัณฑ์โลหะแปรรูป","25949010","กระป๋องโลหะ","0.854641038","109.9229895"
"2026-05-01","2026","5","ผลิตภัณฑ์โลหะแปรรูป","25951010","ลวดเชื่อม","0.405670664","86.49745026"
"2026-05-01","2026","5","ผลิตภัณฑ์โลหะแปรรูป","25952010","สกรู นอต และตะปู","0.449289205","89.75092961"
"2026-05-01","2026","5","ผลิตภัณฑ์โลหะแปรรูป","25952020","สปริง","0.023669901","76.44018193"
"2026-05-01","2026","5","ผลิตภัณฑ์โลหะแปรรูป","25992010","เครื่องครัวและเครื่องใช้โลหะ","0.227088934","44.58228338"
"2026-05-01","2026","5","อุปกรณ์ไฟฟ้า","27101010","มอเตอร์ไฟฟ้า","0.459952015","84.09851994"
"2026-05-01","2026","5","อุปกรณ์ไฟฟ้า","27102010","หม้อแปลงไฟฟ้า","0.220429572","132.3148569"
"2026-05-01","2026","5","อุปกรณ์ไฟฟ้า","27320010","สายไฟฟ้า","0.224009076","113.8004794"
"2026-05-01","2026","5","อุปกรณ์ไฟฟ้า","27320020","สายเคเบิล","0.16203404","73.82430794"
"2026-05-01","2026","5","เครื่องจักร","28110010","เครื่องยนต์ดีเซลเพื่อการเกษตร","0.186177876","76.85775755"
"2026-05-01","2026","5","เครื่องจักร","28191010","ชุดคอนเดนซิ่งเครื่องปรับอากาศ","1.411701472","140.742572"
"2026-05-01","2026","5","เครื่องจักร","28191020","ชุดแฟนคอยล์เครื่องปรับอากาศ","0.977811884","122.523103"
"2026-05-01","2026","5","เครื่องจักร","28191030","คอมเพรสเซอร์","0.556634387","145.2141872"
"2026-05-01","2026","5","เครื่องจักร","28191040","เครื่องปรับอากาศแบบหน้าต่าง","0.199945353","48.1550647"
"2026-06-01","2026","6","เหล็กและโลหะ","24102010","เหล็กแผ่นรีดร้อน","0.570217861","80.82560385"
"2026-06-01","2026","6","เหล็กและโลหะ","24102020","เหล็กแผ่นรีดเย็น","0.324853077","65.95654703"
"2026-06-01","2026","6","เหล็กและโลหะ","24102030","เหล็กแผ่นเคลือบสังกะสี","0.389212591","82.26622614"
"2026-06-01","2026","6","เหล็กและโลหะ","24102040","เหล็กแผ่นเคลือบดีบุก","0.045511445","90.38302491"
"2026-06-01","2026","6","เหล็กและโลหะ","24102050","เหล็กแผ่นเคลือบโครเมียม","0.043343601","51.89398004"
"2026-06-01","2026","6","เหล็กและโลหะ","24103010","ท่อเหล็ก","0.822579882","114.2408045"
"2026-06-01","2026","6","เหล็กและโลหะ","24109010","เหล็กเส้นกลม","0.088363944","85.20904121"
"2026-06-01","2026","6","เหล็กและโลหะ","24109020","เหล็กข้ออ้อย","0.289745853","123.9251961"
"2026-06-01","2026","6","เหล็กและโลหะ","24109030","เหล็กลวด","0.232286423","73.27597593"
"2026-06-01","2026","6","เหล็กและโลหะ","24109040","ลวดเหล็ก","0.165507535","71.69895452"
"2026-06-01","2026","6","เหล็กและโลหะ","24109050","ลวดเหล็กแรงดึงสูง","0.083421961","80.97825359"
"2026-06-01","2026","6","เหล็กและโลหะ","24109060","เหล็กรูปพรรณรีดร้อน","0.283247251","88.92974245"
"2026-06-01","2026","6","เหล็กและโลหะ","24109070","เหล็กโครงสร้างขึ้นรูปเย็น","0.069570356","75.89991958"
"2026-06-01","2026","6","ผลิตภัณฑ์โลหะแปรรูป","25949010","กระป๋องโลหะ","0.854641038","113.6147561"
"2026-06-01","2026","6","ผลิตภัณฑ์โลหะแปรรูป","25951010","ลวดเชื่อม","0.405670664","83.60237926"
"2026-06-01","2026","6","ผลิตภัณฑ์โลหะแปรรูป","25952010","สกรู นอต และตะปู","0.449289205","92.47896197"
"2026-06-01","2026","6","ผลิตภัณฑ์โลหะแปรรูป","25952020","สปริง","0.023669901","71.47144935"
"2026-06-01","2026","6","ผลิตภัณฑ์โลหะแปรรูป","25992010","เครื่องครัวและเครื่องใช้โลหะ","0.227088934","39.91763764"
"2026-06-01","2026","6","อุปกรณ์ไฟฟ้า","27101010","มอเตอร์ไฟฟ้า","0.459952015","91.16110291"
"2026-06-01","2026","6","อุปกรณ์ไฟฟ้า","27102010","หม้อแปลงไฟฟ้า","0.220429572","174.6706043"
"2026-06-01","2026","6","อุปกรณ์ไฟฟ้า","27320010","สายไฟฟ้า","0.224009076","112.9121527"
"2026-06-01","2026","6","อุปกรณ์ไฟฟ้า","27320020","สายเคเบิล","0.16203404","68.51302414"
"2026-06-01","2026","6","เครื่องจักร","28110010","เครื่องยนต์ดีเซลเพื่อการเกษตร","0.186177876","84.85425433"
"2026-06-01","2026","6","เครื่องจักร","28191010","ชุดคอนเดนซิ่งเครื่องปรับอากาศ","1.411701472","88.62732119"
"2026-06-01","2026","6","เครื่องจักร","28191020","ชุดแฟนคอยล์เครื่องปรับอากาศ","0.977811884","88.57208984"
"2026-06-01","2026","6","เครื่องจักร","28191030","คอมเพรสเซอร์","0.556634387","106.3700472"
"2026-06-01","2026","6","เครื่องจักร","28191040","เครื่องปรับอากาศแบบหน้าต่าง","0.199945353","13.55534806"
"2026-07-01","2026","7","เหล็กและโลหะ","24102010","เหล็กแผ่นรีดร้อน","0.570217861","79.41414856"
"2026-07-01","2026","7","เหล็กและโลหะ","24102020","เหล็กแผ่นรีดเย็น","0.324853077","54.56882155"
"2026-07-01","2026","7","เหล็กและโลหะ","24102030","เหล็กแผ่นเคลือบสังกะสี","0.389212591","71.60873552"
"2026-07-01","2026","7","เหล็กและโลหะ","24102040","เหล็กแผ่นเคลือบดีบุก","0.045511445","103.4012199"
"2026-07-01","2026","7","เหล็กและโลหะ","24102050","เหล็กแผ่นเคลือบโครเมียม","0.043343601","114.3613406"
"2026-07-01","2026","7","เหล็กและโลหะ","24103010","ท่อเหล็ก","0.822579882","117.2491701"
"2026-07-01","2026","7","เหล็กและโลหะ","24109010","เหล็กเส้นกลม","0.088363944","88.25674491"
"2026-07-01","2026","7","เหล็กและโลหะ","24109020","เหล็กข้ออ้อย","0.289745853","131.4270272"
"2026-07-01","2026","7","เหล็กและโลหะ","24109030","เหล็กลวด","0.232286423","106.574966"
"2026-07-01","2026","7","เหล็กและโลหะ","24109040","ลวดเหล็ก","0.165507535","77.21298546"
"2026-07-01","2026","7","เหล็กและโลหะ","24109050","ลวดเหล็กแรงดึงสูง","0.083421961","84.04102121"
"2026-07-01","2026","7","เหล็กและโลหะ","24109060","เหล็กรูปพรรณรีดร้อน","0.283247251","88.76139682"
"2026-07-01","2026","7","เหล็กและโลหะ","24109070","เหล็กโครงสร้างขึ้นรูปเย็น","0.069570356","72.43121022"
"2026-07-01","2026","7","ผลิตภัณฑ์โลหะแปรรูป","25949010","กระป๋องโลหะ","0.854641038","106.1809169"
"2026-07-01","2026","7","ผลิตภัณฑ์โลหะแปรรูป","25951010","ลวดเชื่อม","0.405670664","84.09588466"
"2026-07-01","2026","7","ผลิตภัณฑ์โลหะแปรรูป","25952010","สกรู นอต และตะปู","0.449289205","93.14244207"
"2026-07-01","2026","7","ผลิตภัณฑ์โลหะแปรรูป","25952020","สปริง","0.023669901","76.06510578"
"2026-07-01","2026","7","ผลิตภัณฑ์โลหะแปรรูป","25992010","เครื่องครัวและเครื่องใช้โลหะ","0.227088934","42.1711816"
"2026-07-01","2026","7","อุปกรณ์ไฟฟ้า","27101010","มอเตอร์ไฟฟ้า","0.459952015","84.34308607"
"2026-07-01","2026","7","อุปกรณ์ไฟฟ้า","27102010","หม้อแปลงไฟฟ้า","0.220429572","157.0195366"
"2026-07-01","2026","7","อุปกรณ์ไฟฟ้า","27320010","สายไฟฟ้า","0.224009076","110.1298076"
"2026-07-01","2026","7","อุปกรณ์ไฟฟ้า","27320020","สายเคเบิล","0.16203404","51.85718187"
"2026-07-01","2026","7","เครื่องจักร","28110010","เครื่องยนต์ดีเซลเพื่อการเกษตร","0.186177876","70.96319708"
"2026-07-01","2026","7","เครื่องจักร","28191010","ชุดคอนเดนซิ่งเครื่องปรับอากาศ","1.411701472","79.78554595"
"2026-07-01","2026","7","เครื่องจักร","28191020","ชุดแฟนคอยล์เครื่องปรับอากาศ","0.977811884","79.66934584"
"2026-07-01","2026","7","เครื่องจักร","28191030","คอมเพรสเซอร์","0.556634387","116.6222064"
"2026-07-01","2026","7","เครื่องจักร","28191040","เครื่องปรับอากาศแบบหน้าต่าง","0.199945353","7.18857604"
"2026-08-01","2026","8","เหล็กและโลหะ","24102010","เหล็กแผ่นรีดร้อน","0.570217861","98.81136235"
"2026-08-01","2026","8","เหล็กและโลหะ","24102020","เหล็กแผ่นรีดเย็น","0.324853077","56.53603492"
"2026-08-01","2026","8","เหล็กและโลหะ","24102030","เหล็กแผ่นเคลือบสังกะสี","0.389212591","78.98403979"
"2026-08-01","2026","8","เหล็กและโลหะ","24102040","เหล็กแผ่นเคลือบดีบุก","0.045511445","98.78786312"
"2026-08-01","2026","8","เหล็กและโลหะ","24102050","เหล็กแผ่นเคลือบโครเมียม","0.043343601","96.0117323"
"2026-08-01","2026","8","เหล็กและโลหะ","24103010","ท่อเหล็ก","0.822579882","123.8003515"
"2026-08-01","2026","8","เหล็กและโลหะ","24109010","เหล็กเส้นกลม","0.088363944","77.72381005"
"2026-08-01","2026","8","เหล็กและโลหะ","24109020","เหล็กข้ออ้อย","0.289745853","126.4624738"
"2026-08-01","2026","8","เหล็กและโลหะ","24109030","เหล็กลวด","0.232286423","64.69468837"
"2026-08-01","2026","8","เหล็กและโลหะ","24109040","ลวดเหล็ก","0.165507535","73.13976961"
"2026-08-01","2026","8","เหล็กและโลหะ","24109050","ลวดเหล็กแรงดึงสูง","0.083421961","82.56952303"
"2026-08-01","2026","8","เหล็กและโลหะ","24109060","เหล็กรูปพรรณรีดร้อน","0.283247251","89.88433244"
"2026-08-01","2026","8","เหล็กและโลหะ","24109070","เหล็กโครงสร้างขึ้นรูปเย็น","0.069570356","82.44597228"
"2026-08-01","2026","8","ผลิตภัณฑ์โลหะแปรรูป","25949010","กระป๋องโลหะ","0.854641038","107.2123625"
"2026-08-01","2026","8","ผลิตภัณฑ์โลหะแปรรูป","25951010","ลวดเชื่อม","0.405670664","76.25557911"
"2026-08-01","2026","8","ผลิตภัณฑ์โลหะแปรรูป","25952010","สกรู นอต และตะปู","0.449289205","94.95634357"
"2026-08-01","2026","8","ผลิตภัณฑ์โลหะแปรรูป","25952020","สปริง","0.023669901","66.79881681"
"2026-08-01","2026","8","ผลิตภัณฑ์โลหะแปรรูป","25992010","เครื่องครัวและเครื่องใช้โลหะ","0.227088934","40.04092198"
"2026-08-01","2026","8","อุปกรณ์ไฟฟ้า","27101010","มอเตอร์ไฟฟ้า","0.459952015","90.69891183"
"2026-08-01","2026","8","อุปกรณ์ไฟฟ้า","27102010","หม้อแปลงไฟฟ้า","0.220429572","150.8178101"
"2026-08-01","2026","8","อุปกรณ์ไฟฟ้า","27320010","สายไฟฟ้า","0.224009076","107.133757"
"2026-08-01","2026","8","อุปกรณ์ไฟฟ้า","27320020","สายเคเบิล","0.16203404","74.52778621"
"2026-08-01","2026","8","เครื่องจักร","28110010","เครื่องยนต์ดีเซลเพื่อการเกษตร","0.186177876","81.26725435"
"2026-08-01","2026","8","เครื่องจักร","28191010","ชุดคอนเดนซิ่งเครื่องปรับอากาศ","1.411701472","77.91083683"
"2026-08-01","2026","8","เครื่องจักร","28191020","ชุดแฟนคอยล์เครื่องปรับอากาศ","0.977811884","73.37634617"
"2026-08-01","2026","8","เครื่องจักร","28191030","คอมเพรสเซอร์","0.556634387","101.5451293"
"2026-08-01","2026","8","เครื่องจักร","28191040","เครื่องปรับอากาศแบบหน้าต่าง","0.199945353","9.558243519"
